USRA,0
SNSI,3
BAMR,0
SPX,2
SPY,0
SPZ,3
BSDP,2
SPP,5
SPQ,0
SPR,0
SPT,5
MSSD,0
SPV,0
HEI,0
SPJ,14
SPK,2
BSDA,0
SPN,11
SPO,0
BSDL,0
SPC,2
SPD,0
SPE,4
SPF,0
LGTR,0
JNR,2
JNP,0
PQD,0
PQE,2
JNU,8
JNT,0
PQH,0
JNZ,0
WEL,0
JNX,0
PQL,2
PQM,0
PQN,3
JNA,2
PQS,0
PQU,0
JNE,0
JND,4
JNK,0
KFPR,0
PQZ,0
JNH,12
JNO,4
JNN,0
JNM,0
JNL,2
BEJ,0
BEK,0
BEH,2
BEI,0
BEO,0
BEM,2
BEB,3
BEC,0
BEA,6
BEF,0
BEG,2
BEE,0
BEY,2
BER,5
BEP,0
BEQ,0
BEW,0
BET,2
BEU,0
BIRP,0
MIYN,0
BIRA,0
BIRD,3
GRV,0
GRU,0
GRR,0
GRS,0
GRP,0
PPNI,0
GRZ,0
GRX,2
GRY,2
GRF,0
GRG,0
GRD,2
GRE,0
GRB,0
GRA,2
GRN,0
GRO,2
GRL,2
GRM,0
GRJ,0
PPNS,0
GRH,0
GRI,0
NOL,0
NOH,0
NOI,2
NOK,3
HLW,0
HLV,0
TJM,0
HLR,0
HLP,0
HLN,3
HLK,0
NOY,0
TJW,0
HLG,0
HLE,0
HLD,0
NOQ,6
SMDM,0
STPD,2
DLDE,0
SMDC,0
STPT,0
SMDT,0
SMDP,0
PNDR,0
PNDP,0
PNDM,2
KTOA,0
SPL,0
BAWA,0
RKJE,0
BAWD,0
MLN,3
DIVA,0
ROHN,0
RLL,0
RLO,2
EDA,0
RLK,0
LMP,2
RLD,0
RLG,0
LMT,2
LMU,0
KYV,0
LMK,3
LMM,0
LMN,2
LMO,2
LMA,0
RLW,0
LMC,0
LMD,0
RLP,0
RLS,0
LMG,9
DPW,0
MOTA,0
DPU,2
DPT,0
DPS,4
DPR,3
MOTG,0
MOTH,4
DPZ,0
DPX,0
DPE,0
DPD,0
DPC,0
DPA,3
DPL,2
DPK,0
DPJ,5
DPI,0
DPH,0
LD,6
LC,4
LO,0
KNYR,0
LM,4
LH,0
LW,0
LT,0
LR,0
LS,3
LP,0
SLHP,0
GBRA,0
SVNI,0
GBRI,0
BYR,0
STJT,2
GBRS,0
SVNR,0
MNKD,0
MLS,0
PNQ,3
PNP,11
PNU,8
PNT,0
PNW,3
PNV,0
MRLM,0
PNK,4
PNJ,0
PNM,0
PNC,7
PNB,0
PNE,3
PND,5
PNF,2
MNJR,0
MNKN,0
MLQ,0
GRRU,2
KADI,0
MRT,2
MRU,0
KCKI,2
MRQ,0
MRR,5
MRL,4
MRM,0
MRN,2
MRJ,15
MRK,5
MRD,0
MRE,2
MRF,0
MRG,2
MRA,4
MRB,2
MRC,0
APR,7
APP,0
APQ,0
APT,5
APJ,0
APK,2
APH,0
API,2
APN,2
APL,0
APB,0
APA,0
APG,0
APD,0
APE,0
PKBS,0
BDLC,0
KUPR,2
MVPM,0
BTYA,0
JGBR,0
CKLT,0
BAJN,0
CKLA,0
BAJE,0
KADR,0
KXH,2
KXI,0
KXJ,2
MBSK,0
KXL,2
KXM,0
KXN,3
KXO,0
KXA,0
KXB,0
SASR,0
KXD,0
KXE,0
KXF,0
KXG,0
KXX,0
KXZ,0
KXP,0
KXT,0
KKLR,3
VND,0
KKLU,0
KMME,4
KMMD,0
SASG,0
BCYN,0
BJWS,0
YAL,0
YAD,0
CRWL,0
PYLA,0
SASN,4
SPAM,0
MBNL,2
RMGJ,0
DNKL,7
MBNR,7
KPNA,2
ANSB,4
PDZ,0
PDY,2
SDVL,0
CLD,0
DJRZ,0
CLE,0
KLYT,0
SKGH,2
CLG,7
VCN,0
CLA,0
MMKB,0
CLC,0
WKI,4
WKA,0
MKHI,0
AIRL,0
MKHR,0
PDL,2
WKR,5
KLYH,0
DHE,0
PDG,0
PDF,0
PDD,2
BRDH,0
KDTR,0
PNYA,2
BRDA,0
AMSA,2
MTUR,0
PDA,0
BRDT,0
BRDV,0
KDTN,0
KRPU,4
KRPR,0
KRPP,0
JWLS,0
PLL,0
VDKS,0
KRPB,0
UMBY,0
NFKN,0
PLCJ,6
TKLN,0
ALMW,0
MLSU,0
ALMR,2
TKLE,0
BLQR,2
TKLB,0
DMA,0
DMC,2
DMD,0
DME,0
DMF,0
DMG,2
DMH,0
DMK,0
DML,0
DMM,10
DMN,5
DMO,5
DMP,3
DMR,2
DMT,0
DMU,0
DMV,6
DMW,2
DMZ,0
BHVP,0
BSBR,0
BSBP,0
BSBY,0
MSMD,3
SABD,0
PSJ,0
JLT,0
JLW,2
JLQ,0
PSO,0
JLS,2
JLR,5
PSB,2
KLJI,0
PSA,8
JLY,0
PSD,0
PSE,0
PSZ,0
JLD,4
JLG,0
PSR,2
JLL,5
NRLR,3
JLN,2
PSV,0
PST,0
HNA,5
HNC,0
BCH,5
HND,0
OMLF,2
BCK,0
BCD,0
HNH,0
HNK,0
HNM,0
HNL,4
BCB,0
HNN,0
HNS,2
HNR,0
NSKL,0
BCY,3
BCT,3
BCU,2
BCP,0
BCQ,0
BPF,3
KYSD,0
KYSB,0
SRB,0
SRC,6
SRA,0
SRF,2
NEMA,0
SRE,8
SRJ,8
SRK,0
SRI,2
SRO,3
SRL,0
JBCN,0
SRR,8
SRP,4
SRW,0
SRT,3
SRU,3
SRZ,0
SRX,0
SRY,2
HLZ,1
TDK,0
NMT,0
TDH,0
TDO,3
TDN,2
NMP,0
TDL,11
HLX,2
NMZ,3
RNBT,0
TDD,4
NMF,0
NMG,0
NMD,0
NMC,0
NMA,0
ATUL,0
TDR,0
NML,0
NMM,2
NMJ,3
NMK,3
TDU,7
LOA,0
LOG,0
PDKM,0
LOL,0
LOM,0
DKRA,0
LOV,0
PDKT,3
LOT,0
FHT,2
TJP,0
KTMA,2
PIGT,0
RJW,0
ALPR,0
RJU,0
RJT,9
RJS,0
RJR,2
RJQ,0
RJP,6
KGMR,0
RJY,15
HLB,0
RJG,2
RJD,0
RJB,0
RJA,3
RJO,0
RJN,3
RJL,0
RJK,2
RJI,0
JHDC,0
DRZ,1
BMPR,0
DRQ,0
GLNA,0
DRR,0
DRU,2
DRW,0
DRV,0
DRI,0
DRH,4
DRL,5
DRO,0
JNDO,0
DRA,0
BMPL,0
ABGT,0
DRD,9
DRG,0
VVKN,0
VVKP,0
BIPR,0
BGKT,5
KISN,0
SVHE,2
HEOC,0
NKRA,0
NDRT,0
BGKA,0
CXA,0
METR,0
GOM,2
GOL,3
BNPT,0
MNHL,0
MNHA,0
BNPA,0
GOH,2
MLD,4
NNNL,0
GOE,0
GOD,0
KHKT,0
CHDX,0
MLO,3
CHDA,0
AHLR,0
CAPE,1
KHKN,0
CAPC,0
MPF,0
MPG,0
MPD,0
RWTB,2
MPC,0
MPA,2
AVT,0
MPO,0
MPL,4
AVP,0
MLP,2
MPH,0
AVS,0
AVL,0
AVN,2
MPU,2
AVH,0
AVK,0
AVD,4
GOY,4
MPY,2
MLT,0
KANO,2
KJGY,0
KANJ,0
ADHL,0
AJE,2
NALR,0
BDJR,0
GGAR,0
JDA,0
CSMA,0
JDB,2
BTGH,0
KZS,0
KZQ,0
BRHU,0
KZW,0
KZT,7
KZU,0
KZX,0
KZY,2
KZB,2
GTNR,2
MWP,0
KZA,2
KZE,6
KZJ,14
KZK,5
KZH,0
KZI,0
DEB,2
RKSH,2
BHKD,2
RKSN,2
BHKL,0
BHKH,0
NRX,0
DEG,2
GOGH,7
AJRE,0
MLHA,3
SPGR,0
YGD,0
YGA,0
KMLM,0
SOAE,0
YGM,0
YGL,0
CGKR,0
SPGL,0
SPGN,0
KPLR,0
ETYD,0
KPLL,0
KPLE,0
KPLD,0
HTZU,0
RAMP,0
RAMR,0
SKEN,0
MFX,0
RAMA,0
SRSL,0
VAK,5
VAH,0
VAL,0
VAA,2
VAE,0
VAY,0
VAR,0
VAS,0
VAT,0
VAU,0
EDD,0
TAPA,3
RLE,0
AIPP,0
TKND,0
TKNG,0
RLA,2
TNJR,0
TKNR,0
MTWN,0
MAUR,3
SGRP,0
SGRR,0
SGRL,7
SGRM,2
PCLI,0
SNBD,0
PCLM,0
KDRD,0
SGRD,0
SGRE,0
KDRI,0
UVD,3
SGRA,4
RLX,0
JHBN,0
EDU,0
RLT,0
ME,0
MD,2
MG,0
MA,2
MC,0
MB,20
RWH,2
ML,2
MO,3
PLMD,2
RWL,6
MH,0
MK,2
MJ,10
MU,0
MT,0
MW,5
MV,7
MQ,1
MP,0
MS,14
PLMX,0
RLR,0
MY,0
MX,0
DOK,0
DOH,0
DON,0
DOL,4
DOC,0
DOA,4
NBR,2
DOD,3
EC14,0
DOZ,0
DOX,0
MOTC,2
DOR,0
DOS,8
DOT,0
BMNL,0
DPP,0
BHTR,3
BHTS,0
BHTN,2
BHTL,0
BHTK,2
BHTH,0
MSOD,0
BHTA,2
VINH,0
PUL,5
PUM,0
PUN,2
PUO,0
NRNR,0
PUK,2
PUD,0
PUE,0
PUF,0
JJT,0
JJR,4
PUC,0
IVL,0
JJK,4
PUY,0
JJG,3
PUU,0
PUW,0
KULH,0
PUQ,0
JJA,0
PUS,5
BAV,0
BAW,0
BAT,4
BAU,4
BAR,0
BAP,3
BAQ,5
BAZ,4
BAY,3
BAF,0
SJNP,4
BAD,0
BAE,0
BAB,5
BAA,0
BAO,2
BAL,3
BAM,10
BAJ,0
BAK,0
BAH,0
BAI,2
NZG,0
JCNR,0
KNG,0
STD,2
STE,0
STA,13
STB,0
STC,0
STL,2
STM,0
STN,4
SADL,0
SADP,0
STW,3
STP,2
STR,7
HRDR,0
PPRH,0
KVNJ,0
NCP,0
NCR,2
NCU,0
NCH,0
NCJ,7
NCN,0
NCA,0
NCB,9
NCE,0
LIG,0
NEO,2
BXLL,0
LIJ,0
FNG,0
HFZ,0
FNB,0
ROZA,6
FNO,0
CLVR,0
KTKR,0
KTKS,0
KTKH,0
KTKL,2
KTKA,0
KTKD,0
QBW,0
ACN,0
BASA,0
ACL,0
SJN,2
KAA,0
KAG,0
KAD,2
KAJ,2
KAI,0
KAH,2
KAO,0
KAN,2
RHW,0
RTGH,4
RHI,0
KAR,2
KAQ,0
KAP,2
KAW,0
KAV,0
KAU,0
KAT,3
RHA,4
KAY,0
RHE,3
RHG,4
MRHA,0
GPPR,0
SYN,2
BMRN,0
MRHT,3
PCG,0
SXZM,0
DMNJ,4
LXD,0
NEP,0
CNPI,0
SVJR,4
NDPL,0
KIUL,18
NKPL,0
NDPR,0
CNPR,3
ADST,0
NDPU,0
ATG,0
ATE,5
ATC,0
ATA,0
ATL,2
ATM,0
ATH,2
ATW,0
ATT,1
ATU,4
ATR,0
ATS,3
ATP,6
BNRD,0
KRBP,4
HTGR,0
SOHL,0
NNPR,0
NERI,0
NERH,0
MLYR,0
CHJC,0
CARD,0
CFG,0
RGD,2
KGVL,0
RGJ,3
BOTI,0
PNI,0
BDHL,0
MDPJ,0
KDMD,0
NANA,2
MDPD,0
NAND,0
MDPA,0
BDHA,0
KDMR,2
BDHY,3
MRLI,0
BDHT,0
NANR,2
MDPR,0
BDHP,0
LMNR,2
PTKP,2
PTKR,0
GTLM,0
MCLA,0
MRLA,0
LDD,0
LDK,0
PTKC,0
PTKD,2
KNLS,2
CKHS,2
GTLW,0
LDH,18
KNLP,0
PLD,0
KKHT,2
MEE,0
MED,6
SMSR,0
GDV,7
DEIT,0
GAYA,17
GDX,2
CGO,0
TMGN,0
SOGR,0
HPKA,0
DNWH,2
NVLN,0
GDA,6
SDRA,0
MEW,0
GDD,0
BIEC,0
VGL,0
PRE,0
VGN,2
VGI,0
VGE,2
MER,0
JOR,2
JOS,0
VGT,0
SBHN,0
GDK,0
MKTP,0
MEX,4
KLKH,0
WWA,0
DBLA,0
SBHR,2
DBLI,0
TKHA,0
TKHE,0
FSG,0
FSP,2
HMRR,0
FSR,0
FSW,0
HDGR,0
UMNR,0
JOA,2
KDPS,0
KDPR,5
SNLR,2
RJJN,0
PRV,0
KDPA,0
SGPA,0
PUDI,0
RUJ,0
KRTA,0
RUI,0
RUL,2
RUM,2
RUB,3
PRY,0
KRTH,0
RUG,0
BLMR,2
KRTR,0
BLMK,2
RUR,2
PRZ,0
RUT,0
DIL,2
RECH,2
DIH,0
JHD,6
JHG,0
DIE,0
JHK,0
JHJ,0
JHL,11
DIB,0
RPAR,6
JHP,0
JHS,17
RPAN,2
JHT,0
JHW,2
DIT,0
MRX,0
DIW,0
DIP,0
DIQ,0
DIR,0
MRV,0
UTA,2
VZPH,0
UTD,0
IRP,0
UTL,2
UTR,2
UTP,0
VPDA,0
AHJU,0
PWU,0
PWR,0
PWS,2
EC31,0
KLVD,0
KLVA,0
PWL,4
PWK,0
NAB,4
NAC,5
BOZ,0
GRRG,0
NAD,9
HBJ,6
HBE,0
HBD,6
HBG,2
NAN,2
BOV,0
NAM,3
NAS,2
BOJ,5
BOK,0
NAW,2
NAT,3
NAU,0
HBU,0
HBW,0
BOD,2
HBP,0
BOF,3
BOG,2
PEU,0
SVN,0
SVO,0
HRBR,0
SVM,2
SVK,0
MGME,2
SVI,0
SVG,0
SVD,0
SVB,0
SVC,0
SVA,2
SVZ,0
SVX,2
SVV,2
SVW,0
SVT,0
SVR,0
SVQ,0
PEL,0
VNRD,0
GXG,0
COE,0
PEI,0
LKN,4
LKO,27
PDGP,0
SMBX,7
LKG,0
LKD,0
LKE,4
FLU,0
MWUE,0
LKA,2
PED,0
FLK,3
LLKN,0
LKZ,0
SMBH,0
LKY,0
LKW,2
LKT,0
LKU,4
LKR,7
LKS,4
LKQ,0
GUMA,0
BRKP,0
GUMI,0
COL,0
NLA,0
GHNH,0
BRKY,0
NMDA,0
KCD,2
KCG,14
KCF,0
KCA,2
KCC,2
KCB,0
KCM,0
KCO,2
KCN,0
KCI,2
KCJ,4
KCU,0
KCT,0
KCV,2
KCP,0
KCR,0
PCKM,0
KCZ,0
DUMR,0
ABKP,1
GLBN,0
LKSH,0
ABKA,2
GLBA,0
NH,7
NI,0
NK,9
NM,0
NN,3
PNUG,0
NB,2
ND,6
NG,2
NR,2
NS,1
NU,8
NW,3
SVDK,0
SVDC,0
KGY,0
MHPR,0
AZK,0
AZA,0
MHPE,2
AZP,0
AZR,6
XSAD,0
BNTH,0
BNTL,2
NLP,2
NLS,0
KHOH,0
NLR,11
KNWS,0
TKC,0
CATA,0
ESV,0
SZNR,0
CATD,0
TKA,0
CHHU,0
HMT,2
DSBP,0
HMR,0
DSBC,0
KJKD,0
BDVT,3
TKV,0
KDKN,0
MDRR,0
MDRA,0
BDVL,2
TKR,4
TKS,0
HMK,0
JGDL,0
JMPT,0
NLL,0
CKVD,0
JRLI,2
CDGR,4
JRLE,3
TLAM,0
NLN,0
SNRL,0
DLF,0
BHOI,0
KMKD,0
SHAD,0
BSYA,2
MRBL,2
SHAN,0
CGON,0
DEOR,2
DEOS,7
LGRE,0
DNUA,0
MKG,0
BMNI,0
GNQ,0
MKC,9
GNW,2
KEPR,2
SDPR,0
SDPT,0
GNZ,0
BIGH,0
AIT,3
SDPH,0
BIGA,0
SDPN,0
VEU,0
VER,0
PFL,0
AIP,0
KXK,0
VEN,0
VEL,0
VEM,0
VEK,0
VEI,0
FTP,7
MKT,0
MKS,2
GNCN,0
AILM,0
HMPR,0
GNH,2
WRC,0
GNN,0
BRBR,0
BRBS,0
GNO,0
BRBL,0
GNL,0
BRBD,0
PNSD,0
PNSA,2
FGSB,2
SRWN,0
RAIR,6
SKAR,0
RSM,0
MJHR,0
RSI,3
RSJ,0
BLKR,0
RSG,0
RSA,2
RSC,0
RSR,6
DKW,0
DKT,2
DKU,0
DKR,0
DKS,0
DKQ,0
KALI,0
PDU,4
RPGU,0
DKY,0
DKD,4
KALS,0
DKC,0
DKN,0
DKO,3
DKM,0
DKJ,4
DKI,0
URD,2
NDKD,4
MAYA,0
URL,2
URN,0
URI,3
URK,0
URP,0
NDKR,0
MAYR,0
PYX,0
IPG,0
RNTL,0
IPL,2
KLTR,2
IPR,1
PYI,0
PYM,0
PYA,0
PYD,2
PYG,0
NGD,0
NGE,0
HDU,0
NGG,2
HDS,0
NGA,3
NGB,2
HDP,0
NGL,0
NGM,0
NGN,2
NGO,6
NGI,2
NGT,3
HDE,2
NGW,0
NGP,26
MHOW,0
HDA,2
NGS,0
HDN,2
HDM,0
HDL,2
HDK,2
NGY,0
NGZ,0
BMB,4
BMC,0
VLNK,1
BMF,2
BMG,0
BMD,2
BME,3
BMJ,0
BMK,0
PRDH,0
BMI,5
BMN,0
BMO,5
PRDL,0
BMM,0
BMR,2
PRDP,1
BMQ,0
BMT,7
BMU,2
BMZ,0
DHPR,2
SHT,0
SHU,4
SHV,0
SHW,0
SHX,0
SHZ,2
SHC,2
DHPD,0
SHE,4
SHF,2
SHG,9
SHH,0
SHI,0
SHK,4
SHM,2
SHN,0
GZN,3
GZO,3
GZL,0
GZM,0
MGG,4
MGF,2
MGE,2
MGD,0
MGK,0
MGI,0
TBR,2
GZB,20
TBT,3
MGM,0
TBV,0
MGS,31
TBH,2
MGW,0
MGV,0
TBN,3
TBA,0
GZT,0
TBB,0
GZS,0
LUR,3
RMC,2
LNN,2
GHLU,0
SNKE,0
RMD,3
SNKB,0
SATR,0
BPZA,0
GHLE,0
GEDE,0
KEN,0
KEM,2
KEK,2
KEJ,2
KEI,4
KEH,2
KEG,2
KEF,0
KEE,0
KED,0
KEC,0
KEB,0
KEA,2
KEZ,0
KEY,0
KEX,0
KEV,0
KES,0
KER,2
KEQ,0
MRDW,4
MRDP,0
DGHR,2
MRDD,0
MRDG,0
MOLK,0
MRDA,0
MRDL,2
SDD,0
DMRT,2
DMRX,3
UVSN,0
BMVR,0
BMA,0
DRGU,0
KTGD,0
KTGA,2
CNKP,0
DRGJ,0
DRGM,0
OTK,0
RMPB,2
OTN,0
OTD,0
RMPH,0
RMPR,0
OTP,4
OTR,0
BGMU,0
BGMR,0
AXR,0
MHRI,0
PARD,0
MHRL,0
MHRN,0
AXK,0
YAG,0
MHRG,3
KEMA,0
HTCY,0
BNVD,5
KEMK,0
KEMR,0
GDKP,0
SHLV,0
MZU,0
MZV,0
MZW,0
MZP,7
MZQ,0
MZR,2
KHMA,2
CHNH,0
MZX,0
MZY,0
MZZ,0
CHNR,2
MZA,0
GPE,0
MZC,2
MZL,3
MZM,4
MZN,0
MZH,0
BKDR,0
RMGM,3
BMH,3
JGKS,0
BOY,7
PAPM,0
BDTS,3
KJME,0
AMNA,0
NARD,0
YADA,0
NAWN,0
KBSH,0
PLVA,0
KBSN,0
PLVI,0
PLVR,0
CKTD,6
VVV,0
JRNA,2
PAAL,0
FTG,3
EKMA,5
TMKA,2
SAHI,0
DEMU,0
KKDI,4
SXQ,0
VVM,3
KKDE,5
BHMA,0
KVDU,0
BHME,3
SHGN,0
BSWD,0
SAHP,0
BSWA,0
SUDV,0
SUDR,0
MLNH,2
PMPR,0
AJTM,0
GAUR,0
PMPE,0
MLNR,0
WSA,3
HYA,0
HYB,2
WSB,0
WSE,0
WSD,0
HYG,0
UNDI,0
WSJ,5
HYL,0
HYT,4
WST,0
YVP,0
KYNT,0
BBAE,0
OSRA,0
VKZ,0
DHMA,0
VKP,0
VKR,2
VKT,0
VKH,0
VKI,3
VKM,0
VKN,3
VKA,2
VKB,7
VKD,0
DHMZ,0
VKG,0
SBLT,2
MKPR,2
MKPT,0
SBLJ,0
AGTL,1
DCBD,0
SMYD,0
TKTB,0
AGTR,0
MTMI,0
RAKL,0
ZPR,0
GIMB,4
ZPI,0
ZPL,0
ON,5
OM,0
KRHT,0
RQP,0
OD,0
ALER,5
KRHA,0
OV,0
RQJ,4
JDL,0
KANL,0
JDN,0
JDI,0
JDH,0
JDK,0
DEP,0
DER,2
DES,5
DET,0
DEU,0
DEV,0
DEW,0
NRDP,2
NUPR,0
DEL,0
DEO,0
JDW,0
DEC,7
JDP,0
JDR,0
SMD,0
FL,10
NDIM,0
UPL,0
UPM,0
UPI,0
UPD,0
UPA,0
SNHR,0
TNJE,0
SNHT,0
UPW,0
UPR,0
MPRD,0
MDL,2
KLRS,3
KLRE,4
KLRD,0
SJDR,0
NEM,0
ACG,0
NEI,0
ACK,0
MDF,0
NED,8
ACH,0
NEC,0
NEA,0
SJDA,0
ACU,0
KOPR,0
NEW,3
NEU,0
HFG,3
BKD,0
BKG,2
CIKA,0
BKA,0
BKC,0
BKL,2
BKN,6
BKO,4
BKH,3
BKI,10
BKJ,2
PRBG,0
BKT,0
BKU,0
PRBZ,0
BKP,12
BDRL,0
PRBR,0
MDVL,2
GILL,0
KNLE,0
DHRY,0
SJS,0
SJP,9
SJQ,0
DHRR,2
GILA,0
SJT,2
SJJ,0
GGM,0
DHRJ,0
SJL,0
SJM,0
SJA,0
SJF,0
GGO,0
SJD,0
GDP,0
GDQ,0
GDR,14
GDU,0
MEC,0
GDW,0
MEM,2
GDY,0
GDZ,2
MEH,0
MEJ,6
MEU,0
MET,4
GDB,2
MEQ,0
MEP,3
MES,0
GDG,8
GDI,0
MDU,8
GDL,6
GDM,0
GDN,0
GDO,2
KUKA,0
LWR,2
LWS,0
JEP,0
LWJ,0
CPLE,0
CLPE,0
GJTA,0
GGTA,0
MDKD,0
MDKI,0
MDKU,0
KGQ,8
KGP,17
KGS,2
BAYD,0
KGW,0
QDN,0
KGX,2
KGZ,0
EZP,0
KGA,4
KGB,5
KGE,0
KGD,0
KGG,10
KGF,0
KGI,5
KGH,0
XSAN,0
KGM,1
KGL,2
KGN,0
CPH,10
CPJ,4
CPK,5
CPL,0
CPM,0
CPN,2
CPA,5
CPB,0
CPD,0
CPE,0
DUAN,0
CPP,5
CPQ,0
CPR,13
CPS,2
CPT,2
CPU,9
CPW,0
MONJ,0
NILE,3
DMPR,0
KMAH,0
MONR,2
KHTG,0
KTES,2
KIKA,0
RMRB,2
BGSF,2
BNHR,0
BNHL,0
KNSR,0
KNSN,0
JARI,0
CHLK,0
MQG,0
MXY,0
MXW,0
MXT,2
MXR,4
MXS,0
MXN,8
MXO,0
MXL,0
MXJ,0
MXK,2
MXH,3
PSAE,0
CHLR,0
MXA,2
PTAB,0
AWT,0
PTAE,0
KDTY,0
MQL,0
BRDB,0
MQN,0
AMLR,0
BRYA,9
MDVR,0
AWM,0
KDGL,0
MDVK,0
AWL,0
KDGH,0
KDGI,0
AMLA,6
AMLO,0
BONA,3
MDVB,0
MDVE,0
AMLI,0
PLPM,0
PAGM,0
CKRD,0
BBLK,0
ALNI,0
BSUR,0
BHCL,0
BHCH,0
ETBC,0
RGDA,8
MLPR,3
BUGY,0
BUGN,0
CRAE,0
BUGL,0
MLPM,0
MUDI,0
GNGD,2
IGTA,0
MKRA,0
MKRN,2
MKRL,0
MKRH,2
GNGT,0
GNGR,0
KRPC,0
SBM,2
OHAN,0
SHEO,0
SHER,0
BEPR,0
TYM,0
VID,3
SBNR,0
SBNM,0
TYT,0
FUT,7
CLKN,0
CLKA,2
BLGA,0
TKVR,0
BLGT,2
BLGR,6
HGY,0
GHUM,0
NFKS,0
KRJT,0
HGL,2
KRJR,0
KRJL,0
SJGM,0
KRJD,0
KRJA,0
JBW,0
KUDN,0
JBS,0
JBR,0
KLPG,0
JBP,14
HGI,0
KLPM,2
KUDA,4
JBX,0
JBG,0
KAPE,0
JBD,0
JBB,0
THVM,8
JBO,0
JBN,1
JBL,0
JBK,0
DGB,0
DGA,6
DGG,5
DGD,0
DGJ,0
DGI,2
DGN,0
DGO,3
DGR,10
DGS,0
JHH,0
DGW,0
DGT,0
DGU,2
SNJL,0
PNWN,0
UNA,0
UND,0
UNI,0
UNK,0
UNL,0
OMB,0
ITE,0
OML,4
MZHL,0
AUWA,0
ITR,2
PRCA,0
MHKT,0
AAM,0
AAL,2
AAH,0
AAK,0
BHD,2
AAU,0
BVBC,0
AAP,0
AAS,0
AAR,0
LCAB,0
AAY,3
LCAE,0
BIO,2
BIM,4
BIJ,0
BIK,2
BIH,4
TRDI,0
BIF,0
BIG,4
BID,2
BIB,0
BIC,2
BIA,3
BIZ,0
BIX,1
BIY,2
BIV,0
BIR,0
BIS,0
BIP,0
BIQ,0
SLX,0
SLY,3
KNNK,0
SLT,2
SLU,0
SLV,0
CTND,2
SLP,0
SLR,2
SLS,0
SLM,0
SLN,9
SLO,11
SLH,0
SLI,7
SLJ,2
MGSJ,0
SLD,4
KNNT,0
SLF,2
SLG,0
SLB,2
MCO,0
MCN,3
MCL,0
MCJ,0
MCI,7
MCA,7
MCZ,0
MCY,0
MCV,0
MCU,2
MCS,3
MCQ,2
PTHD,0
WANI,2
MKRD,0
ELR,0
CPBH,0
DLPT,0
DLPR,0
DKDP,0
RORA,0
DKDE,0
DLPH,2
GNGL,0
GUSB,0
BYXA,0
TKYR,0
KIZ,0
KIY,0
KIS,2
KIR,17
KIQ,0
KIP,2
KIW,0
SLTH,0
KIU,0
KIT,5
KIK,1
KIJ,0
KII,0
NMBR,0
KIN,3
KIM,3
KIC,0
KIB,0
KIA,0
KIF,0
KIE,0
KID,0
CRR,4
CRP,7
CRV,0
CRW,0
CRU,0
CRX,0
CRY,5
CRC,0
CRG,0
CRD,0
CRE,0
CRJ,9
CRK,0
CRN,2
CRL,0
PR,0
PS,2
PP,2
PV,0
PW,0
PT,0
PU,0
PY,0
PB,4
PC,2
PG,0
PD,0
PJ,0
PK,0
PH,0
PI,0
PN,0
PO,0
PL,0
JNNA,0
KTCR,0
KTCE,0
KTCH,2
GSB,0
SPRN,0
OPL,2
OPM,0
SPRD,3
SPRA,0
TUWA,0
DOHM,0
WRGN,0
HRN,0
ANDN,2
ANDI,4
BNJN,0
KURO,0
KURJ,1
JLP,0
CHRU,0
KHAI,0
PSL,0
MRWS,0
KHAG,0
CHRG,0
JALD,0
CHRA,0
KHAR,0
CHRM,0
KHAT,0
TLGI,0
TLGP,1
TLGR,0
KDER,0
PKNS,0
PSX,0
AMBR,0
HGJ,0
AMBH,0
GTE,0
PKNA,0
KSGL,0
SKVL,0
JLM,0
GTF,0
PSS,0
LPN,0
DDMT,0
CDAE,0
NGDM,0
BBNH,0
BCN,6
HNG,0
KMQA,0
BDPG,0
RGJI,0
BDPA,0
TNUE,0
BDPL,0
RNJ,0
BDPK,0
BCA,4
CMNR,0
PDGL,0
RNI,0
MSMI,0
HNU,0
SGF,2
BCHR,0
KOKA,0
JTTN,2
BCHL,0
KYBR,0
BHAD,0
BHAL,0
BHAN,0
BSSL,0
PCGN,0
BHAT,0
BHAW,0
SHKY,0
BHAS,0
BERO,0
BCJ,0
VOC,0
VOL,0
MPML,0
DWDI,0
TKPY,0
NRZB,3
ALAI,0
ALAL,0
NTVT,0
TKPL,0
AIR,0
GTQ,0
SYAE,0
FD,12
RSYI,0
MINJ,0
MINA,2
GHSR,0
KRLS,0
KRLR,6
HPHI,0
KRLI,2
KARR,0
CIA,0
ASAR,0
KART,2
CID,0
CIK,0
LKDU,0
CIH,0
CIO,0
CIL,3
ASAF,2
CIP,0
CIV,0
KARD,0
CIT,0
KARK,0
KARH,0
KARO,0
DAD,0
DAE,0
DAG,0
DAA,4
DAB,4
DAC,0
DAL,2
DAM,0
DAN,0
DAO,0
DAH,0
JNSC,0
DAU,0
DAV,0
DAP,0
DAQ,0
DAR,0
DAS,2
PFU,0
DAZ,0
MACR,0
INDB,3
ULT,5
ULU,0
INDM,0
SNTD,2
ULN,0
ULL,2
ULM,0
ULB,4
ULA,0
ULG,2
ULD,2
SNTH,0
LDVD,0
IJK,3
AGN,3
AGM,0
NYY,4
AGI,2
NYP,4
AGD,0
AGC,12
AGB,0
NYT,0
NYK,0
NYH,0
NYI,0
NYN,6
NYO,4
AGY,2
KOTI,0
AGV,0
NYA,0
NYG,2
AGQ,0
KOTA,20
BWP,0
BWR,2
BWS,0
BWT,11
BWW,0
PRNT,0
BWZ,0
PRNR,2
BWA,0
BWB,0
BWC,0
BWD,0
BWF,0
BWH,2
BWI,2
BWK,0
BWL,2
BWM,7
BWN,17
BWO,0
DZKT,0
KNHN,0
KNHE,0
MSAE,0
CHSM,2
KNHP,0
CTLI,0
SNF,2
MAP,7
MAS,10
MAR,0
MAU,12
SNC,2
SNA,0
MAY,2
SNO,0
SNL,2
MAZ,0
SNK,2
SNH,0
SNI,4
SNV,3
SNT,7
SNU,0
SNR,0
MAD,3
SNP,10
DGBZ,0
MAI,2
MAH,0
MAK,0
MAM,2
MAO,16
MAN,6
EVA,0
NMX,2
LSG,0
LSD,0
LSE,0
LSN,0
GMDN,2
LSI,4
LSR,2
LSX,2
NMN,0
NMO,0
SLRA,0
TDP,2
KKY,0
BTVA,0
KKZ,0
KKU,2
KKT,0
KKW,7
KKV,0
KKQ,0
KKP,4
KKS,0
KKR,0
KKM,2
KKL,0
KKN,4
KKI,2
NMH,6
KKK,0
KKJ,3
KKD,0
NMLU,0
KKF,0
KKA,2
KKB,2
CTT,0
VAPM,3
CTW,0
SPPA,0
CTQ,0
VAPI,10
CTS,0
CTZ,0
CTF,0
CTA,0
CTC,15
CTL,0
CTM,0
CTO,3
CTH,0
CTJ,0
MOBD,0
ABSA,2
MUY,0
KTAL,0
PDKN,2
ORW,0
ORR,0
BGWI,0
ORH,0
BGWD,0
ORC,0
GIR,0
BNLY,0
MNDR,2
BNLW,4
MNDH,0
CMC,0
MNDA,0
KHGR,0
KWAE,4
CHPT,2
BKNG,2
CHPD,0
BKNA,0
KUDL,6
SIPR,2
JRTR,0
AGMN,0
LEB,0
KAPP,0
MJZ,2
BRUD,2
DAKA,0
DAKE,5
SKTN,1
BTKP,2
NPK,2
KAPG,5
BTKD,0
SMND,0
YSI,0
BBHL,0
AHN,0
MHBG,0
AHM,0
BBHT,0
JSRD,0
RPRD,3
RPRL,0
AHQ,0
GSL,0
KMNP,0
SUBR,0
NPZ,0
LMGS,0
SUBL,0
BOBS,0
MLTR,0
AJNI,4
KMNN,0
PGTN,1
TADA,0
TSK,2
JTRD,0
TSI,2
GUK,0
DHKR,0
KMSD,0
KMSI,0
BHGJ,0
SWAR,0
BHGN,0
BHGP,0
KMST,0
JRKN,0
GUL,0
SHIV,0
BSQP,3
TUX,0
TUY,0
VML,0
MPUE,0
TUP,6
VMD,2
TUV,0
VMA,7
TUH,0
TUJ,0
TUL,2
TUN,2
TUA,2
VMU,0
TUD,0
VMP,0
TUG,0
KRND,3
KGBS,0
KRNI,0
KRNH,0
KRNN,0
BLCA,0
KRNR,3
KRNU,0
KRNT,7
TKRA,0
RSWN,0
SMWA,0
TKRI,4
TSS,0
TKRP,0
TKRU,0
FYZ,3
D,0
MILA,0
PBJM,0
THPR,0
QSR,2
QG,0
PAP,4
PAQ,0
PAR,6
PAS,0
CKA,0
PAU,4
PAV,2
CKB,3
PAX,0
PAY,10
PAZ,4
CKN,0
CKI,5
CKH,0
CKK,2
CKU,3
KATI,4
PAB,0
BMPT,0
KATL,4
CKP,9
CKS,0
CKR,2
ASCE,0
KATA,0
KATB,0
PAK,4
PAL,0
RHNE,0
PAN,3
PAO,2
JNUK,0
DCK,0
DCH,0
BMCK,2
GPAE,0
PERN,3
DCA,2
DCX,0
RNIS,0
DCU,0
DRS,0
DCP,0
SGNR,1
UJP,3
MAAR,0
SNVL,0
UJN,10
UJH,3
SGND,0
UJA,4
IHP,0
MIQ,0
GBG,0
GBD,3
GBE,0
GBB,0
GBA,2
GBN,0
AEX,0
DRN,0
GBK,0
GKPI,0
AED,0
GBP,2
GBQ,0
AEH,0
AEK,0
ITA,2
AEL,0
GBX,2
GKPE,0
GDPL,0
BUX,4
DRB,0
BUR,0
BUS,0
BUP,4
BUQ,2
BUW,4
BUT,3
THAN,4
BUJ,0
BUH,4
PRLI,4
BUL,0
BUM,0
BUB,0
MNGD,5
BUA,3
BUF,0
BUG,6
RNPR,2
BUE,0
PLMG,0
KNJI,0
KNJJ,0
MOZ,7
MOY,0
MOX,0
MOR,2
ACND,2
MOP,2
MOW,0
MOU,6
MOT,2
MOJ,0
MOI,2
MOO,2
MON,2
MOM,2
MOL,2
SAPT,0
MOB,0
MOA,0
MOG,3
MOF,2
SAPR,0
MOD,0
ETR,0
ETP,2
KMD,3
KMC,6
ETW,10
KMA,0
KMN,0
KMM,0
KML,2
KMK,0
AAG,0
KMI,0
KMH,0
KMV,0
KMU,4
KMT,6
KMS,3
KMQ,4
KMP,0
ETK,0
KMZ,7
ETM,2
RVS,0
SGUT,0
BOMN,0
ALLP,5
GAQ,0
SLPM,0
BTTN,0
BTTR,2
GELA,0
BAGA,0
BAGD,0
BAGJ,0
SLPR,0
BAGL,2
TMPM,0
BGUA,2
CVV,0
CVR,2
CVP,5
VARD,2
CVJ,0
CVD,0
CVB,0
ATKS,0
YDP,0
RGSR,0
Y,0
LNWT,0
TTPT,0
CNDB,2
BJBA,0
CNDM,2
KIAT,0
BKLE,0
WDA,2
SIHO,2
BKLA,0
WDG,0
GRBH,0
WDJ,0
WDL,0
GRBL,0
WDN,0
WDR,2
WDS,0
GAJ,2
PJPT,0
PJPR,0
JNJ,0
KPCM,0
KWGN,0
MMVR,0
KHED,5
PAIL,0
RDRA,3
DPUR,2
TLKH,2
SLZ,0
VADR,0
REG,0
SKRI,0
SLW,2
SRBA,2
SRBR,0
CDMR,3
BTIA,0
BTIC,2
BTIB,0
LRJC,0
AJLE,0
KLGM,0
KLGN,0
HPGM,0
REPI,0
DEEG,0
KVLS,0
KVLR,0
JSPN,0
JSPR,0
BRWD,4
KDAG,0
BAPN,0
BRWH,0
CHCR,0
SULH,0
RGNH,0
NAZJ,2
TWB,2
TWG,2
HQR,0
TWI,0
TABU,0
UNLA,0
IGRL,0
VEER,4
MHTR,0
PTM,0
BHET,0
VST,2
VSU,5
PPCK,0
VSW,0
AUNG,0
VSD,0
VSG,1
VSH,0
PTE,0
EOC,0
BLAX,2
RYL,0
RYM,0
HCNR,2
RYC,0
JMT,3
RYT,0
NGRT,0
BLAE,0
RYS,2
RYP,2
BWSN,2
SMQL,2
STKT,2
NLKR,2
SJPR,0
NMUE,0
JJKR,9
RASP,2
PTP,0
PCZ,2
PCX,0
CMK,0
CMJ,0
RXRX,0
PCR,0
PCP,0
PCQ,0
PCV,2
PCW,0
CMA,2
SV,8
PCK,0
PCH,2
PCN,2
CMZ,0
PCL,0
CMX,0
CMW,2
PCC,0
CMU,3
CMR,0
CMP,0
RPMY,0
KAVM,0
KAVR,0
RPMN,0
VONB,0
SNPR,0
DRPH,0
MAGH,3
NDAE,3
UKLR,0
SGLA,3
DC,0
UHL,2
SGLM,0
INP,0
OKA,2
UHR,2
OKD,0
UHP,2
INK,0
GLH,2
GLI,0
AKY,0
AKS,0
AKR,0
AKP,7
AKW,0
AKV,5
AKU,0
AKT,5
AKK,0
AKJ,2
AKI,0
AKN,4
AKM,0
GLP,2
GLU,0
AKE,2
AKD,3
HKG,3
MHAD,2
CBBH,0
BSZ,2
NSRH,0
BST,6
BSW,0
BSP,13
BSQ,0
BSR,13
BSS,0
BSL,21
BSM,0
BSN,0
BSI,2
BSJ,0
BSD,0
GSGB,0
BSA,0
BSB,31
BSC,4
KNDV,0
CTHR,0
KNDS,0
CTHT,0
KNDP,0
KNDL,0
KNDI,0
KNDG,0
SBR,3
SBS,0
SBP,9
SBV,5
SBW,0
SBT,3
MMZ,2
SBZ,5
SBY,0
MMP,0
MMS,2
MMR,15
SBB,6
MML,4
SBG,8
MMK,2
SBE,3
MME,2
MMD,2
SBH,0
SBI,6
MMA,3
SBO,3
SBL,0
MMB,2
KOI,2
KOK,0
KOJ,5
KOL,0
KOO,4
ERS,9
KOA,0
MPJ,0
KOG,0
MPK,0
KOY,0
KOX,0
WADO,0
WADI,8
ERC,0
ERL,3
KOP,4
ERN,7
MPI,0
KOU,3
KOV,4
BWNU,0
MDCR,0
MPT,0
TFGN,0
MWAD,0
LLGM,2
SONI,2
MPR,0
CPDR,2
PGG,0
VLDE,0
VLDR,0
PGC,0
BTRI,0
BTRO,0
BTRA,2
BAAR,0
QLN,13
NRPD,3
QLM,3
SLNA,0
QLD,4
AVC,0
GWCN,0
TMVL,0
DNDI,0
DNDL,0
NRPA,2
SPTR,2
RT,0
RU,13
RV,3
RW,0
RR,0
RS,2
RY,0
RD,0
RE,13
RF,0
RG,2
RA,0
RC,10
RM,2
RN,15
RJ,0
RK,8
DKBJ,0
DYE,0
GOX,0
BJLP,0
BUPH,2
LGCE,0
CHTI,0
CHTL,0
WFD,3
KIV,0
GNPT,0
CHTT,0
ANNR,0
ANND,6
SHRD,0
BEML,0
NIDI,0
KCYN,0
TLMR,2
PTYR,0
DDCE,2
TLMD,0
DDCL,0
NBT,0
JRPD,0
DEE,8
JPS,0
NVC,0
SKPT,0
SKPR,0
SKPA,0
SRDW,0
TER,0
SKPI,2
KZJT,0
NBG,4
KZJE,0
KZJF,0
MULK,2
JYP,3
NGNT,3
JYG,3
AUBR,6
BBDE,0
JYM,2
NGNC,0
BBDA,0
DNL,0
KSAE,0
AMDI,0
SUNR,7
CMDP,0
RGLI,0
KSAR,0
SUNM,0
XGN,0
UDL,8
TQA,2
TQL,0
TQM,2
TQN,2
TQR,0
GHQ,3
HSA,5
GHR,4
HSD,2
HSK,3
HSI,2
HSL,0
HSM,0
HSR,7
HSP,2
HSQ,0
HSX,2
HSY,0
MJBK,0
KSLA,0
GHY,8
KHXB,0
SHMI,0
MJBT,2
SYC,2
HRSB,0
SYA,2
SYF,0
SYE,0
GHE,0
SYK,0
SYJ,4
PPEA,0
SYH,0
SYO,0
HRSN,0
SYM,0
SYL,0
HRSR,0
SYQ,0
SYW,0
SYU,0
SYZ,0
PM,3
VQD,0
RGP,2
RGQ,0
RGS,3
RGT,0
RGU,4
RGV,0
KRBR,0
RGX,0
KGFR,0
RGA,0
RGB,0
KRBA,3
RGG,0
RGH,2
RGI,0
KRBO,0
RGL,4
RGM,0
RGO,3
LDA,0
LDE,0
KZC,0
PDPH,0
GHH,3
PDPK,0
PDPL,6
LDM,0
LDR,0
PDPR,0
LDP,0
LDW,0
GHJ,2
LDU,0
LDY,0
LDX,0
SMRR,0
ULTL,0
RIBP,0
GMI,0
COR,9
ILA,0
ILO,0
PEW,0
PEP,4
PER,7
PES,2
COA,1
PEM,2
PEN,0
COB,0
PEH,2
COD,0
COI,7
PEE,0
COM,0
PEA,0
COO,0
PEC,2
BMGR,0
LKBL,0
OKHA,2
DTAE,0
BMGA,0
BMGN,0
BMGM,0
MTGE,0
SNRA,0
SNRD,0
SGBJ,2
TELY,0
NDGJ,0
MAEL,0
SNRP,0
SNRR,2
OEL,0
TELI,0
OEA,4
TELO,2
GNR,0
GNS,2
GNP,4
MKD,0
GNV,0
MKB,3
GNT,8
GNU,3
MKO,2
MKN,6
MKM,0
MKL,0
MKK,0
MKJ,0
MKI,2
MKH,3
GNB,0
GNC,3
MKU,6
GNA,2
AII,11
GNG,6
GND,0
MKP,10
GNJ,0
AIG,2
AIA,0
MKZ,0
MKY,0
MKX,3
NSI,0
NSL,3
NSN,0
NSO,0
NSA,0
NSD,3
MNSR,2
ORKI,0
NSX,0
NSZ,0
RNTE,0
NSP,0
UGWE,0
NSU,2
DMCA,0
HJLI,0
SDT,2
AGDL,0
SDV,0
SDS,0
SDY,0
SDZ,0
TBAE,0
SDE,3
SDF,2
SDG,0
SDB,2
SDC,0
SDL,7
SDM,0
SDN,3
SDH,0
SDI,2
DGHA,2
KQS,0
KQR,9
KQQ,0
TLRA,0
KQW,0
KQV,0
KQU,4
KQT,3
KQZ,0
KQY,0
EPR,0
PARH,0
KQA,0
KQE,0
KQD,0
KQK,3
KQI,2
KQN,5
KQL,0
LYD,0
DSME,0
RKG,0
BQF,0
BQG,2
BQE,0
BQA,7
BQN,0
BQM,0
BQH,0
BQI,5
BQW,0
BQT,0
BQU,0
TIHU,3
BQP,2
BQQ,0
BQZ,0
BQY,0
MABD,6
GME,0
BYPL,0
BTPD,2
BTPH,0
MABB,0
BURN,3
SGKM,0
UMN,0
BOYA,0
OLA,0
NCPM,0
BDGN,0
BDGM,0
HBLN,2
BDGP,0
DKLU,0
BJNR,6
GNRL,0
GNRD,0
GRNA,0
BKHR,0
JADR,0
SILO,2
MKA,13
KPGM,2
J,4
BAMA,0
AKOR,3
AKOT,0
KMDR,2
KWKC,0
LRNC,0
KRYA,0
KRYR,0
NLRD,0
RSNA,0
TKEC,0
RSNR,0
BNBH,0
FZP,0
MGAE,2
AWPR,0
BNBR,0
SZM,7
JWP,5
JWS,0
JWK,0
JWL,0
JWN,0
JWO,2
CRKR,0
JWB,4
NGLT,0
SZY,0
BDXX,0
BRSA,0
BDXT,0
BRSQ,0
SSKA,0
BRST,0
GUB,0
TSL,0
GUG,2
MYKR,0
MPUR,0
GUD,2
TSF,2
GUJ,0
GUH,2
TSA,2
GUS,0
GUR,4
GUP,0
GUV,2
DWLE,2
GUZ,0
GUX,0
TSR,2
LPTA,0
HNMN,0
HLDD,2
PGRL,4
HUK,0
HUP,9
KLBA,0
HLDR,2
BSKR,0
BSKH,2
MSTH,0
BSKN,0
BSKO,0
DHAE,0
MKR,3
VWP,0
YTL,0
DHAT,0
TPKR,0
VWA,0
EKN,0
EKM,3
EKL,0
MUKE,0
EKI,3
EKH,0
RES,0
REP,0
EKC,2
RET,0
REJ,2
REI,2
REN,2
REM,0
KRDH,0
EKR,2
KRDL,0
LFG,7
IMLI,0
PDRD,2
SDBH,2
SZ,0
SY,4
SS,0
SR,0
SP,0
SW,0
TDLE,0
ST,16
SK,0
SI,2
SN,0
SM,5
SL,4
SC,23
SB,0
SA,15
SG,0
SF,0
SE,0
SD,0
CAZ,0
IBL,0
CAS,0
CAR,11
CAP,4
CAT,0
CAJ,0
CAI,2
CAO,0
CAN,10
CAM,0
CAA,5
CAG,2
CAF,3
NRPM,0
LHA,2
PGA,0
MRSH,0
PGL,0
DYW,0
DYP,0
PGK,2
DYS,0
PGW,5
PGT,7
PGU,0
PGR,4
PGP,0
DYK,0
DYD,5
INCI,0
PGZ,0
NRPR,0
MBL,0
LHL,0
LHK,0
SOD,3
UDR,2
MAKM,2
PNME,4
NBQY,0
MAKH,0
UDZ,2
UDX,0
OGM,0
OGL,12
MBE,0
UDK,0
UDN,8
MAKR,4
DRTP,2
UDM,2
GHT,0
MIH,2
MIK,0
MIJ,0
MIM,0
MIL,2
MIO,0
MIN,2
MIA,0
GHX,0
MID,2
MIG,0
GAR,6
GHD,5
MIX,0
GHG,0
GHA,0
GHB,0
GHL,0
GHN,0
MIR,0
MIU,0
MIW,0
NQR,0
GAO,0
NSVP,0
OREH,0
AON,0
SOS,3
SOR,2
NQH,0
SOT,0
SOW,2
SOY,0
GAE,0
MBW,0
SFZ,0
SFX,0
SFY,4
SFW,3
SFR,0
NPJE,0
SFM,4
SFK,0
SFH,2
SFF,0
SFG,3
SFE,0
SFC,3
SFA,0
KSU,0
KSW,0
KSV,6
KSQ,0
KSP,3
KSR,0
KSY,0
KSX,4
KSE,0
KSD,4
KSG,6
KSF,4
KSA,0
KSC,2
KSB,5
KSM,0
KSO,0
KSN,3
KSI,0
KSH,2
KSK,0
KSJ,7
ENBG,0
SLJR,0
SVTN,0
BUTA,0
CNBI,0
SPHL,0
MLAR,2
DIC,0
JSGR,0
DKNT,4
MDGR,0
ARNA,0
ARNG,0
ARNH,0
VTA,0
MMPL,0
GTA,0
GRHX,0
SINI,3
GNTR,0
MMPR,0
GRHM,0
SINA,0
TLU,2
GTI,0
VTK,0
VTJ,3
VTM,2
BEAS,4
SNBR,0
AKAT,0
TLB,0
ATMO,2
GTU,0
DPSR,0
GTW,0
SEGM,11
DDGJ,0
GTY,0
MLND,0
NLPD,0
KDRA,0
BW,0
RSLR,0
BNDP,3
ANJE,0
BNDA,5
BNDI,0
BNDM,6
MAUL,0
JWKA,0
KLAT,0
KLAR,3
KLAD,0
MUHI,0
JUC,11
NGJA,0
JUA,0
JUD,4
JUK,0
JUL,0
JUR,0
JUP,0
TDW,0
BRMR,0
BRMP,0
DSR,0
RJGR,0
BRMD,0
KSMB,0
BRMO,3
BRML,0
SSIA,2
THBN,0
SUJH,3
LDCY,0
SUJR,0
TMP,0
GWD,5
TMR,3
TMS,0
GWA,2
TMU,0
TMV,3
TMX,3
GWL,10
VUL,0
GWH,0
TMA,0
GWV,2
TMD,0
TME,2
GWS,2
DWNA,0
NJB,0
KOAA,9
HWH,14
BMSN,0
DBRG,3
RNKA,0
NJN,0
NJM,0
NJP,15
HWX,0
NJT,2
DBRT,0
TALL,0
HWT,0
HNSL,0
HWR,0
RWA,0
MJNL,0
DPDP,0
SAKA,0
MM,0
TDPR,5
RWJ,0
MN,0
KRRI,0
RCP,0
KGVE,0
RCJ,0
RCD,0
RCF,0
RWO,2
RCA,0
STUR,0
FAR,0
FAP,0
LLPR,0
NAVI,3
FAH,0
FAN,3
LEDO,1
MR,0
MAHO,0
BIWK,0
RAYA,0
PURI,2
CCT,3
CCL,0
CCO,0
CCI,0
BGBR,2
CCK,0
CCD,0
CCA,0
PIH,0
PIJ,0
PIL,3
PIO,0
PIA,2
PIC,0
NXH,0
BMKJ,0
PIZ,0
BMKI,3
PIP,3
ASKN,5
PIT,0
BMKD,0
HMP,0
SGAC,0
RIKD,0
BVP,3
DKUR,0
DOE,3
UBR,4
PNCB,0
DOY,0
UBC,4
UBL,7
SISM,0
MWR,0
MWQ,0
SISN,0
MWW,0
DGLE,3
MWT,2
MWZ,0
MWY,0
MWX,2
GJR,0
GJS,0
GJN,0
GJL,4
MWG,0
MWF,0
MWE,0
MWD,0
MWK,2
MWJ,3
GJD,3
MWH,2
MWM,2
AMI,2
NWU,3
NWP,4
AML,2
GKHT,0
AMA,0
AMC,0
ORGA,4
BVNR,2
AMD,0
AMG,4
AMY,0
AMX,0
PJGM,0
NWA,2
NWB,2
NWC,0
AMQ,0
AMP,3
AMS,0
AMT,0
AMW,0
DMGN,2
IGR,0
TJD,0
KHRY,0
KHRS,0
KCNR,0
KHRK,2
KHRJ,3
KHRI,0
KHRA,0
SLHA,0
KUY,0
KUX,2
KUW,0
KUV,0
KUU,3
KUT,0
KUR,9
KUQ,0
KUP,0
KUN,6
KUM,0
KUL,0
KUK,0
KUI,0
KUH,3
KUG,0
KUF,2
KUE,3
KUD,5
HSRA,7
KUB,0
KUA,3
VTDI,0
VRPD,0
HMH,4
PRTP,0
TRPL,0
MNWL,0
AADR,1
HMI,0
TTLA,0
PRTL,0
IDGJ,0
IDGH,0
GOLE,0
CRPM,0
YNG,0
MUUA,0
YNA,0
HPRD,0
TY,0
TT,0
TU,5
TR,0
TP,3
TN,3
TO,0
TL,2
TJ,6
TK,5
TH,0
TI,0
TB,0
TA,2
AA,0
AB,4
AE,0
AD,5
AG,0
AF,11
AI,3
AH,4
AK,12
AJ,0
AL,2
AO,8
AN,5
AP,0
AS,0
AT,0
AV,0
AY,8
BDCR,2
AZ,6
RRME,3
AUR,0
GNVR,2
BKTS,0
WLH,0
BKTL,0
BKTH,0
GRJA,0
WLA,0
BKTB,0
DODH,0
GLPT,4
DUSI,2
ETUE,0
DZP,0
BGPA,0
PUG,0
BLTR,7
PUA,0
JJP,0
UMYD,0
PTWA,0
PUX,4
KPKI,0
KPKD,0
HAUR,0
PUT,3
SRJM,0
SRJN,0
RUPC,4
SKZR,11
PUMU,0
CGTA,0
SHRM,0
KLOD,0
MZGI,0
CROA,2
JSD,0
JSE,0
JSG,12
JSA,0
JSB,0
JSC,0
JSL,0
JSM,2
THP,0
JSH,0
JSI,0
JSV,2
JSP,3
JSR,2
NGHW,0
RJAP,0
BROR,0
RJAK,0
BPHB,4
LRD,2
SSGJ,0
KDYA,0
CMBR,0
PPKD,0
GQL,2
TOS,0
TOU,0
TOK,0
TOI,0
TOM,0
TOD,0
HIP,2
HIR,3
NHF,0
NHB,0
NHM,0
NHN,4
NHH,5
NHK,4
NHU,0
NHT,5
NHS,0
ATNR,2
HIH,0
HIJ,8
HIL,2
NHX,0
KVTA,0
BSGN,2
BSGD,0
MGDR,0
BSGR,0
SAMT,0
EGU,0
EGT,0
PDNR,0
RAG,2
LBT,0
LBW,0
RAA,3
RAL,0
RAM,0
RAJ,0
RAK,0
FGR,3
RAI,0
LBA,4
RAU,0
FGH,0
LBD,0
STSN,0
LBH,0
ALUR,0
RAY,2
BFF,0
BFE,0
BFD,2
GSRM,0
BFN,0
BFM,2
BFS,0
BFR,2
JTHT,0
BFP,0
BFW,0
BFV,0
BFT,0
BFZ,0
BFY,0
BFX,0
GHGL,3
SDNR,2
FRDH,0
OCH,0
NBUE,0
URPR,2
OCR,0
PKR,9
PKQ,0
ACBD,0
PKU,5
PKZ,0
CEM,0
CEL,0
PKB,0
MGKM,0
CEU,0
PKA,0
PKF,3
PKD,3
PKE,0
PKK,0
PKO,2
PKL,0
PKM,0
DKWA,0
PHQ,0
KTRA,0
KTRD,0
SGDV,0
KTRH,2
SGDP,2
KTRR,2
SGDM,2
DRHI,0
MUU,0
DGNH,0
MUW,3
MUV,4
CHAF,0
MUP,0
MUR,8
KHPL,0
CHAH,0
KHPI,0
NEUA,0
MUZ,0
CHAR,0
MUD,3
MUG,0
MUA,0
MUC,0
MUM,0
MUO,0
DGNR,0
MUH,0
MUK,0
ASR,5
ASP,0
ASV,2
AST,2
NUR,6
NUQ,5
ASB,0
NUJ,2
NUH,0
ASD,0
ASK,7
ORAI,6
NUD,4
ASH,1
ASO,0
ASN,18
ASL,0
DUH,0
DUI,7
DUJ,2
DUK,0
DUM,0
DUN,0
DUO,0
DUA,3
DUB,4
DUD,4
DUE,0
BMMP,0
R,12
DUP,0
DUQ,0
DUR,0
DUT,0
DUU,0
THDR,3
MNPT,0
PHWR,0
SRM,0
PRWD,0
PAVP,0
KCLA,0
PATR,0
JOBA,0
MNPR,0
PATA,0
GTKD,0
PATM,0
PATL,0
PTLD,0
KWC,0
KWB,0
KWE,2
KWD,0
KWI,0
KWH,0
KWJ,0
KWM,3
PTLI,0
KWO,2
KWN,0
KWP,2
KWR,3
KWT,0
KWW,0
KWV,11
AABH,0
TRVZ,0
MEKM,0
DJHR,0
TRVL,4
BYNR,7
SVPR,2
IDAR,0
YLG,3
PYOL,2
SVPI,4
YLM,3
LNMA,0
YLK,0
SVPM,0
SPLE,0
DEPI,0
LIN,0
KSTA,0
KSTE,0
KSTH,0
DKJR,0
BDAG,0
JUYA,0
LIR,0
GKX,0
KWMD,0
BKRH,0
BKRO,3
BKRL,0
MMLN,0
BKRD,2
WNG,0
WND,0
APTA,0
GKT,0
KMBL,5
BRMX,0
KMBH,0
GKM,0
CDSL,0
MHT,3
MHU,0
BLRD,0
BLRE,0
AGAE,0
BLRG,0
BLRI,0
AGAS,0
BLRR,0
MHP,0
CII,0
ANVT,5
ANVR,2
NVU,0
PRJ,0
NVT,0
BILD,2
ORDI,0
BILA,0
SZP,0
ANC,0
CCRL,0
RURA,4
BBSL,0
YSPM,0
KLMR,0
KLMJ,0
KLMC,0
ANK,0
KLMG,0
PPC,2
PPB,0
PPA,0
PPG,0
PPF,0
PPE,0
PPD,2
PPK,0
PPJ,0
PPI,7
PPH,0
PPO,2
PPN,3
PPM,0
PPS,0
PPR,3
NVD,0
GAGA,2
PPU,0
PPT,4
PPZ,2
PPY,0
NVA,0
BMAE,0
MTPR,2
KSIH,0
MTPC,0
NVL,0
TNGR,0
SJGH,0
SNGN,0
SNGR,0
SNGP,2
SGYW,0
TNGL,2
BD,8
GSP,4
BF,2
BG,7
BA,0
GSW,0
BC,3
BL,13
TIU,2
BN,4
TIW,0
BH,8
BJ,2
TIS,3
BT,0
BU,2
BV,4
VYA,4
BP,4
DAJ,0
BR,0
TIK,0
GSI,0
TMT,0
TIG,6
VYN,2
BY,0
BZ,0
TIC,0
NNO,3
NNN,2
NNM,0
NNL,2
HKR,0
HKP,0
NNB,0
NNA,9
GWM,0
HKH,0
HKL,0
NNX,0
NNW,3
NNU,0
TMZ,5
SJKL,0
NNP,2
SQZ,0
SQS,0
SQR,2
SQQ,0
SQW,0
BHSA,0
TMC,0
SQN,2
SQL,2
SQF,2
MSRP,0
SQD,0
RHR,0
BATM,0
BATL,0
TMH,0
BATS,0
KAL,2
ROI,2
ROK,11
ROL,0
LLR,3
ROB,0
LLU,0
LLJ,2
LLI,3
LLH,0
ROP,4
KMHT,0
ROS,0
ROU,14
LLD,0
BDC,10
BDB,0
BDM,4
BDL,8
BDO,0
RHN,3
BDI,0
BDH,2
BDK,0
BDJ,6
BDU,2
BDT,0
BDW,2
BDQ,0
TRKR,0
BDY,2
BDZ,0
GHER,0
SDLP,5
UR,5
UM,0
BISH,0
UJ,3
UD,11
UA,2
SDLK,0
UB,0
VDNP,0
MMY,3
IDR,3
IDS,0
IDP,0
IDL,0
IDM,0
IDJ,0
IDH,4
IDG,3
PMT,2
PMU,2
SNTL,0
PMP,3
CGL,7
PMR,6
CGN,3
CGA,0
NRVR,0
PMY,3
CGF,0
CGY,2
PMB,0
PML,2
PMM,0
CGS,2
CGR,4
PMH,0
PMI,0
PMK,2
PGN,0
UGNA,0
PWXP,0
SMKT,0
PNGR,0
KTPK,0
PNGI,0
KTPR,0
PNGM,2
MSZ,6
DGPP,0
MSW,3
MSV,0
MSU,0
MST,2
MSS,0
MSR,3
MSQ,0
MSP,0
MSO,0
MSN,0
MSL,0
MSK,4
MSH,9
MSE,0
MSD,0
MSC,0
MSB,0
DGPI,0
AQG,2
BALE,0
DWR,4
DWP,5
DWV,0
DWT,0
DWZ,0
DWX,6
DWA,0
DWG,0
DWD,0
DWJ,0
DWK,5
DWI,0
DWO,4
DWL,0
DWM,0
WR02,0
WR01,0
DGHL,0
BAKT,0
BAKL,0
AGL,0
PGI,5
CKOD,0
ODHA,0
BAKA,1
KYJ,7
KYI,0
KYH,0
KYO,0
KYN,16
KYM,2
KYA,0
KYG,0
KYF,2
KYE,4
BALR,0
PTNR,0
KYZ,0
KYX,0
KYS,0
KYR,0
KYQ,5
KYP,0
KYW,0
KOTT,0
KYT,2
BYY,0
127BJRI,0
KOTR,0
BYT,5
WDHR,0
TRTR,5
BYS,0
BYP,0
BYQ,0
BYN,2
BYO,0
BYL,2
AGA,0
MNKB,0
BYD,2
BYC,0
PRPM,0
BYHA,0
AGZ,0
MLGT,0
SVRP,3
NYM,0
DSNR,0
MLGH,4
CNHL,0
AGT,0
SPBG,0
AGR,2
AGP,0
JKI,0
KSRK,0
KSRA,2
NCHS,0
HAQ,0
NAKD,0
BWX,0
VBH,0
VBL,3
VBR,0
VBW,3
VBU,0
NOLI,0
JLLO,0
DBKA,0
WHM,2
KKRH,0
BKPR,0
BKPT,0
KMLP,0
KMLR,0
PRND,0
KMLI,0
GLTA,0
PRNG,0
ICG,0
PRNA,2
GV,0
MVLK,2
AGCI,0
RCG,0
TKMY,0
GFAE,0
BLPE,0
UMED,0
PTSC,0
BLPU,6
BLPR,2
ANTU,5
SRNK,3
BINA,12
SRNR,3
SRNT,2
BINR,0
GA,0
JOP,7
JOQ,2
PRG,4
PRF,3
KLKD,0
PRB,2
PRM,0
PRL,2
PRN,0
PRI,2
PRH,2
PRK,0
ASTG,0
PRU,0
PRT,3
JOB,4
JOC,4
PRP,5
PRR,11
JOH,0
NGTG,0
JOK,0
JOL,2
JOM,0
JON,0
NRKR,6
MAQ,6
SND,0
SNE,0
ACLE,0
BRKA,11
AMRO,4
MTRA,0
BRKD,0
BRKH,0
SUPR,0
MAV,0
SNAD,0
DVGM,0
RJMA,0
NWOC,0
SNN,2
CBSA,2
SNAP,0
SNAR,0
RJMP,0
SNM,0
GDGN,0
VNUP,2
NLQ,0
TKG,2
TKD,4
TKE,2
TKB,0
HMY,2
HMZ,0
NLV,5
TKN,2
TKO,0
TKJ,4
HMQ,0
TKH,2
TKI,0
HML,2
TKW,0
TKT,0
TKU,0
NLE,3
NLD,3
TKP,0
TKQ,2
NLI,2
HME,0
HMG,2
HMA,0
HMB,0
SNS,0
DLC,0
DLB,0
DLA,0
MAG,5
DLD,2
DLK,5
DLJ,6
DLI,21
SNQ,2
DLO,5
DLN,6
DLR,3
DLQ,2
DLP,0
DLW,0
DLV,0
DLZ,0
DLX,0
SIRD,0
BSCP,0
CTYL,3
MJHL,0
SSZ,0
SSU,0
SNZ,0
SSW,0
SSV,0
SSR,2
SSM,5
SSL,0
SSN,0
SNX,2
SSD,0
SSG,0
BSCK,0
SSA,4
SSB,7
KMRD,0
ULNR,0
RMR,2
JKL,0
RMP,2
RMQ,0
RMV,0
RMW,0
RMT,2
RMU,6
RMZ,0
LNT,2
LNW,0
RMY,0
LNQ,0
LNP,0
LNS,0
LNR,2
RMB,2
LNL,11
LNO,0
RMA,8
RMF,2
LNH,0
LNK,3
LNJ,0
RMJ,0
RMH,0
KGLE,4
RMN,2
RMO,0
RML,0
RMM,3
BBO,0
BBN,1
BBM,2
BBL,0
BBK,14
BBJ,0
JTDM,0
BBE,0
BBD,0
BBC,0
BBA,4
BBY,0
BBW,0
BBV,0
BBU,7
BBT,0
BBS,9
KLWN,0
BBQ,0
PVL,0
BGDS,0
DRLA,2
RCGT,0
BGDI,0
POZ,0
POX,0
POT,2
POU,0
POR,0
PON,0
POO,0
POL,0
POM,0
POK,2
POI,0
POF,0
CYI,0
CYN,0
POA,0
FKM,8
GMDA,0
FKA,1
FKB,0
FKG,8
GSA,0
SMET,3
TTI,0
KTNI,0
JAR,0
KHTN,0
TTW,0
DTRA,0
DTRD,0
VLD,0
AHMP,0
KHTX,0
TTU,0
KCHV,0
KHTU,2
MQA,0
MQC,0
VMLD,0
MQE,0
AWY,7
MQJ,0
AWS,0
AWR,11
MQO,2
AWP,0
MQQ,0
MQS,2
MQR,2
MQU,3
AWH,0
AWG,0
MQX,3
MQZ,0
AWB,5
DQV,0
DQR,0
JNCV,0
DQG,5
VLP,0
DQL,0
DQN,2
CCH,6
OBVP,3
SLBN,0
LOHA,0
CKMI,0
VRVL,0
MHUL,0
KPRD,2
GDBR,0
MHUA,0
KPRR,2
MHUR,0
ASKR,0
DN,0
BJPR,0
BJPL,0
LTMD,0
DJ,0
DK,0
DNHL,0
DNHK,0
DD,9
CK,0
CJ,2
CI,4
CH,9
KSPR,0
CM,0
CC,5
DB,0
CE,2
CD,11
CX,0
PKEO,0
CS,0
ADIJ,0
CW,2
CV,0
CU,0
CT,5
BDME,0
BDMA,0
SLRD,0
BDMJ,0
VKNR,0
MTND,0
DV,0
SWU,0
DS,0
SLRP,0
SBGR,0
DRE,0
SLRW,0
WJR,5
BDHN,0
VB,0
VD,0
VG,11
KMNR,2
VI,0
VJ,0
VK,0
VL,0
VM,12
VN,4
VO,0
VP,0
VR,5
VS,4
VT,0
VU,0
VV,3
KMNC,4
VZ,0
KKG,0
KMND,0
KKMB,0
BHJA,0
PCU,0
KRSW,0
MDPB,3
KRSH,0
KRSL,3
KRSA,2
RVG,0
CTR,2
BLNR,0
RVD,0
RVK,0
RVH,0
SMCK,0
TKOT,0
BLND,2
BLNG,0
RDDE,2
VSV,0
BLNI,0
BLNK,0
AYRN,2
SRPU,0
SDUA,0
SRPR,0
RABE,0
SRPB,0
SRPM,0
TGM,0
SRPJ,2
SKDM,0
URGA,2
SWNI,0
SURL,0
TYAE,0
SURI,6
SURP,0
XSK,0
PTN,0
JMX,0
KAGR,0
PTK,6
PTJ,4
PTI,0
PTH,2
NGRS,0
PTF,0
JMP,8
PTD,0
JMV,2
PTB,2
PTA,2
JMU,7
JMK,2
JMI,0
JMN,0
PTZ,0
JML,0
JMM,0
PTU,2
PTT,0
PTS,0
JMG,0
JMD,2
NGRD,0
EC09,0
KTTR,0
SNCR,0
AMPL,0
BPRS,0
AMPA,2
BPRD,6
PCMK,0
KDSD,0
BPRA,0
SNCA,0
AMPR,0
NWMS,0
BPRH,2
SUD,2
SUC,0
DHY,0
SUA,2
SUM,0
SUL,0
SUK,0
SUJ,0
SUI,0
SUH,0
SUW,0
SUU,0
SUT,0
SUR,10
SUP,0
DHU,0
SUX,0
LPNR,0
NBX,0
TEL,9
GRWD,0
TEN,8
TEO,0
NBS,0
TEA,5
NBQ,15
NBP,0
NBU,0
TEG,0
NBK,0
NBI,2
NBH,3
NBM,0
NBL,0
NBA,2
TET,2
NBE,0
NBD,8
DNE,0
DND,3
BANL,0
DNA,8
MCLE,0
DNM,3
RENH,0
DNN,2
DNH,0
DNK,0
DNJ,0
DNT,2
DNW,0
DNV,0
DNQ,0
DNR,7
DNX,0
DNZ,0
MWC,0
MWA,0
BHWA,0
POTI,0
BHWD,0
GJJ,0
BSAE,0
GJH,2
GHAA,0
GHAI,0
DISA,2
BAPR,0
RKR,0
RKS,0
RKY,0
RKZ,0
RKD,2
NTDM,0
WIRR,2
RKB,4
RKL,0
RKM,5
RKN,0
RKO,0
RKH,0
RKI,0
RKK,0
HOD,0
AMH,6
HOL,0
HOJ,2
HOH,0
NWR,3
PRDG,0
SDHA,0
KITA,0
AMB,4
SVKS,2
AME,6
BGJT,0
OYR,2
KITN,0
LTRR,4
SVKD,2
NBKH,0
BARU,0
RBGJ,4
NWD,3
LHD,0
LHB,0
GMIA,6
SMGR,0
LHN,0
LHM,0
ADTL,2
MWRN,2
MIRA,0
LHW,0
LHU,4
ADTP,4
NWN,0
DLGN,2
KTLP,0
KTLR,0
KTLO,0
KTLN,0
KTLA,0
BARD,0
KHJA,0
KCVL,1
CHKE,0
CHKB,11
JLWC,0
DSX,0
ABFC,2
DST,0
MRIJ,0
DSS,6
BMSB,0
DSO,2
DSL,0
DSM,0
DSJ,4
DSK,0
GLMA,0
DSD,0
DSB,0
DSA,5
KQLS,0
RMX,0
JKT,0
TZD,0
CKKD,0
CKKN,0
JRAE,0
ZRDE,2
AUB,3
MHWL,0
AUI,0
AUL,0
AUN,0
BNQL,0
KPPR,0
MLKP,0
MLKH,0
LCK,0
MLKA,0
CGHD,0
BJRA,0
BJRI,2
YFP,4
HAA,0
JSME,9
DSAP,0
HAD,2
BDKE,0
KDNL,2
BDKN,0
BDKT,0
BNLS,0
BNB,0
MNDV,0
BNA,0
WTR,3
BAOL,0
MAA,0
JLHI,0
WTJ,2
VKDH,0
NIRA,2
BHHT,0
BHHZ,0
DING,0
DINR,4
MAE,0
RTG,0
PLNI,1
RTA,6
BLLT,0
RTB,0
RTM,17
KUC,0
RTN,0
RTI,3
RTK,0
RTJ,0
RTU,0
KRUR,0
RTP,2
RTR,0
BLLI,0
RTZ,0
G,11
STNR,0
BIJR,0
CCLW,0
SKBR,0
ANPM,0
ANPR,2
SKBN,0
SRRG,0
MAF,0
SRRB,0
UREN,3
ISH,0
ISM,2
KLHD,0
ISA,2
JKPR,2
PVP,3
PVR,3
PVU,3
JKZ,0
MCPE,0
PVZ,0
JKP,0
JKR,0
JKS,0
KLWD,0
JKM,0
JKN,5
JKO,0
JKH,0
PVD,2
KLWL,0
JKE,2
KUMM,0
PVM,0
JKA,2
JKB,2
PVN,0
FRG,0
FRD,0
FRH,0
VJPJ,3
BRGT,2
BRGW,2
BRGP,0
SNMR,0
AMVA,0
BRGA,5
BRGM,2
BRGL,0
BRGJ,0
SWI,0
DO,6
DL,2
SWM,13
MGLE,0
DH,0
DI,0
SWA,5
DG,9
SWC,2
SWE,2
SWD,0
SWG,0
SWF,0
MGLP,2
SWX,0
DY,0
SWQ,0
SWS,0
SWR,2
DR,4
SWT,0
SWW,0
SWV,6
TGP,2
TGQ,2
TGT,0
TGU,2
GYN,7
GYM,4
GYL,0
TGA,2
TGE,0
TGH,0
TGN,4
TGL,0
MYGL,0
DHO,3
DHN,18
DHM,0
DHL,0
DHK,0
DHJ,0
DHI,1
DHH,0
DHG,5
LKMN,0
DHD,7
ANT,0
DHA,2
LKMR,4
DHW,2
SWNR,0
DHT,2
DHS,0
DHR,0
DHQ,0
DHP,0
ANU,0
MSHW,0
BHUJ,3
MSHM,0
BHUA,0
SRUR,2
WG,0
BARS,0
WC,2
WL,12
WJ,0
WH,0
WW,0
WR,11
WP,0
BARH,4
BARJ,0
BARL,3
BARN,0
ANW,0
RIS,0
RIG,7
HAH,0
BNZ,4
BNY,0
HAN,5
BNS,0
BNR,4
BNQ,0
BNP,2
BNW,6
BNV,5
BNU,3
BNT,3
BNK,0
BNJ,0
BNI,2
BNH,0
BNO,0
BNN,4
BNM,0
BNL,0
BNC,9
JRC,7
HAR,2
HAS,4
HAT,0
BNF,0
BNE,2
BND,0
JRA,2
VLKN,0
BDYK,0
VGM,0
SPYA,0
BBAR,0
BGHI,0
BGHU,0
ADVI,3
LJO,0
LJN,9
VGA,0
SFPR,0
SMAE,0
GWO,0
LJR,3
TSAH,0
KTJI,0
JUBS,0
CHIT,0
MGVK,0
DTVL,0
CHIB,0
CASA,0
YNK,8
MRGM,0
CWLE,0
MRGA,4
BDNP,0
LKPL,0
NIIJ,0
CHA,2
BTBR,2
GTST,2
CHG,0
GULR,0
KASU,0
TVTN,0
CHJ,2
JAU,0
GJW,0
ROA,2
JAQ,0
CHP,3
BNSA,2
MNMA,0
BNSL,0
VLTR,0
JAL,2
MNMU,0
BNSP,0
BNSR,0
JAK,0
RRGA,0
JMS,0
YDM,0
GWP,0
YDK,0
MLMG,0
YDD,0
SPDR,0
DEHR,2
LSGS,0
MLMR,4
SPDM,0
YDV,0
HPLE,2
RMJK,2
ABY,0
JMQ,0
BOKR,2
BDIN,0
KDLG,0
MDSA,0
MDSE,0
BOKE,0
BOKO,0
KDLR,0
VDP,0
VDS,3
VDR,0
VDV,0
GVH,0
VDA,4
VDE,2
VDD,2
VDG,0
VDI,0
VDH,0
VDM,0
VDL,2
VDN,0
VZM,12
MMDL,0
KSVM,0
PGMD,0
JSKA,0
TNX,0
SWDV,0
DBS,0
VTE,0
BHNA,0
BHNE,0
SHBC,0
SHBA,0
BHNP,0
AVLI,0
BHNS,0
RANI,5
JSRY,0
GVR,0
VZR,0
JGJN,0
GVP,0
JHAR,0
RRL,0
RRJ,0
RRI,0
PLHW,0
RRE,0
RRB,6
QMRS,0
RRW,0
MCRD,2
RRS,2
RRP,0
BCOB,2
TAKU,0
UDLW,0
UDLU,0
BIDR,2
SRTN,2
UDLE,0
SRTL,4
SRTA,0
USD,0
LKPR,0
USL,3
USK,0
NKN,0
IQG,0
JKNI,0
IQB,0
PXR,0
MZMA,0
HHD,0
FPS,0
VJRD,0
MTHP,2
BRAG,2
PNRA,0
BRAM,0
TBTN,0
SIR,9
SIQ,2
SIP,5
SIW,2
DHWS,0
NEHL,0
SIY,0
DLPI,0
SIC,0
SIA,0
SIF,0
SIE,0
SID,4
SII,0
SAGR,2
SIN,0
SIM,0
SIL,3
TAT,0
TAV,0
TAP,0
TAR,0
TAS,0
TAY,0
TAZ,2
TAE,2
TAA,0
TAC,0
TAN,2
TAO,0
JID,6
JIA,0
DJX,0
JIL,0
KAKN,0
DJA,2
JIT,0
DJB,0
JIR,0
DJD,0
DJG,2
DJI,0
DJL,0
BBTR,2
MJRI,7
NMGT,2
MIPM,0
NMGY,2
TCNR,0
KBJ,6
KBK,0
KBH,0
KBI,0
KBN,2
KBL,4
KBM,2
KBA,0
KBE,0
KBY,2
KBR,0
KBP,0
MMNK,0
KBT,0
KBU,0
HCR,5
HCP,4
BLY,0
BLX,0
BLZ,3
BLU,2
BLT,3
BLW,2
NFK,7
BLP,0
BLS,12
BLR,0
BLM,6
BLME,0
BLO,0
MHLT,0
AJP,0
BLH,0
BLK,3
BCRD,2
BLD,3
BLG,2
GCN,0
BLA,0
BLC,0
HCM,0
MLR,0
PRGA,0
PRGL,0
PRGT,0
KTHA,0
JHA,0
KTHE,0
KTHD,2
KTHL,0
KTHU,10
SVGL,0
SVGA,4
MHDA,0
PTLR,0
UAM,0
LTR,2
DIG,3
LTV,0
LTT,7
DIA,2
LTA,2
SCMN,0
LTD,2
LTK,0
LTI,0
JHN,3
GUNA,10
RECY,0
JUDW,3
GUNS,0
GGH,0
KNVT,4
APRD,0
KHNR,0
KHNP,0
KHNM,6
SHTT,1
PSLI,0
CHOK,2
PSLP,0
DULP,0
FLM,0
AKRD,0
TGRL,2
ZNA,5
ZNP,0
LONI,0
SEPN,0
JRMG,2
SEPR,0
AJL,0
KBPR,2
AYM,0
AYN,0
AYD,0
AYU,0
KPTM,0
KPTO,0
KPTN,4
NNKR,0
DABN,2
GHS,0
RRAL,0
TNNH,0
BUBT,0
BUBR,0
DNRP,2
SOJN,6
CGLA,0
GATD,0
DNRA,0
DNRE,2
EL,0
EN,0
JOX,0
EE,7
ED,11
ET,18
NASP,2
AMIN,0
BDWS,3
RJPM,2
RJPB,4
BDWD,3
BDWA,0
KDJR,2
BDWL,2
MDUN,0
VJR,0
VJP,2
DHLI,0
VJK,0
VJM,0
VJA,0
VJF,0
GUU,0
VJD,0
WPR,3
RAH,0
KKGM,2
BHLP,4
BHLE,2
BHLA,0
KKGT,0
ETAH,0
KMTI,2
BHLI,0
RAHA,0
TCL,0
SKND,2
SRVN,0
KJA,0
SRVT,0
SRVX,0
SKNR,0
RPR,4
WDLN,0
RPY,0
RPZ,2
EC32,0
RPD,2
RPI,0
RPH,14
RPK,0
RPJ,6
KRIH,2
RPL,0
RPO,0
ALJN,15
BHGH,0
KUND,0
HXR,0
KAJG,0
SNIE,0
HBL,0
NAG,0
KLSX,0
MHMB,0
KLSP,0
BOP,0
NAK,2
PZA,0
BOR,8
STDI,0
TKUR,0
VNGL,0
BOT,0
STDB,0
BLHR,0
NAL,0
JMBL,0
BOW,0
STDR,0
BOI,0
PNPR,0
MTJR,0
MTJL,0
BRCK,0
PNPN,0
PNPL,0
TUR,0
BOM,0
MSDL,0
SKT,4
MSDN,2
MJPB,0
MSDH,0
SKP,2
SKS,2
SKR,2
PORA,0
MSDG,0
SKY,2
SKX,0
SKG,0
SKF,0
SKA,2
MGPA,0
SKB,7
SKM,3
SKL,0
SKN,3
SKI,4
MGPI,0
SKK,0
SKJ,3
GER,0
MFB,0
MFC,0
MFH,0
MFJ,0
BGAE,0
TCR,14
MFM,0
BOE,10
MFP,9
MFQ,2
GEA,0
GEG,0
HBS,0
TCH,0
GED,2
GEK,0
MFZ,0
DDZ,0
JGJ,2
DDX,0
KAMG,4
JGM,4
JGN,2
DDS,0
DDR,3
DDP,2
JGD,2
DDV,0
JGF,0
JGG,0
JGX,0
KAMR,0
JGZ,0
KAMP,0
DDN,3
DDM,0
DDL,2
DDC,0
DDA,4
DDE,3
JGW,0
SOJ,0
SLWR,0
KDL,0
KDM,3
KDN,0
KDO,0
KDH,0
KDI,0
KDJ,0
KDK,0
KDE,0
KDF,0
KDG,2
KDX,0
KDY,0
KDZ,4
KDT,0
SOL,2
KDV,0
KDP,3
KDQ,0
KDS,0
HET,0
NDH,0
NDK,0
NDJ,2
NDM,0
NDL,5
NDO,3
NDN,0
NDB,8
NDE,0
NDD,4
NDY,0
SPDA,0
NDZ,0
ATRU,0
HEB,0
HEM,5
HEN,0
NDR,0
NDU,2
NDT,1
NDW,3
NDV,0
BJG,0
BJF,4
BJE,6
BJD,2
BJA,0
BJO,2
TISI,0
TRAN,2
BJK,0
TRAH,0
BJI,0
BJW,3
BJV,0
BJU,21
BJT,0
BJR,3
BJQ,0
BJP,5
JOO,0
BJY,0
PJA,0
SVL,0
ARCL,2
PJB,0
BGLI,0
SVH,0
TERH,0
NBAE,0
RMSR,0
LVR,0
GJUT,3
ADRA,9
LVK,0
CBY,0
MDHA,0
DLMH,0
PWBN,0
KNPS,2
KNPR,2
PPTN,0
MYY,2
MYX,0
SBPD,6
MYP,0
MYS,6
MYR,5
MYU,0
KHLL,0
MYK,0
MYJ,0
MYM,0
MYL,0
HIND,0
MYA,6
MYD,2
MYG,5
CQL,0
YEAM,0
CQA,0
MOMU,0
RSWT,0
DUBH,2
CQS,0
NIMA,0
NIMG,0
GLGT,2
CSDR,0
GGLE,0
KBRV,2
BTNR,0
RTGN,0
ANGL,7
ANGM,0
BNWC,2
MNAE,4
ANGR,0
BNWS,0
MGB,0
BUDR,0
MUGR,1
RMNP,4
RMNR,0
BUDA,0
MUGA,0
KRTN,0
MUGN,0
BUDI,4
AJKI,0
BUDM,3
FLR,0
LKB,0
SMBL,2
KDHA,2
KJLU,0
KDHI,0
SMBJ,4
BDUA,0
KDHN,0
DHNA,0
LKX,0
DHND,0
DHNE,11
DHNL,0
DHNR,0
BWBN,0
TXM,0
PDGN,0
TXD,0
FLD,0
GNDI,0
GNDM,0
DELO,0
DNPR,0
KKET,0
BHBT,0
BHBV,0
KVGM,0
MVC,0
BHBK,2
MVD,0
MVE,0
CKE,0
SKLI,0
CKD,2
CKG,0
SKLR,2
RAJP,3
SKLP,0
KBKN,0
KRKR,0
KRKP,0
PAW,4
CKM,0
NTSK,7
KRKD,0
KRKN,0
KATR,0
KRKM,0
HZD,4
WRD,0
MGO,0
WRA,0
WRI,0
DORD,0
ALM,0
WRR,6
WRS,3
HZR,2
KYOP,2
PAA,0
KESR,0
CKW,0
CKV,0
PAD,2
PAE,0
NDNI,0
SNKL,2
SGUJ,5
TNKU,5
SNKG,0
MRYA,0
PNVL,14
SGUD,0
PNVT,0
KXRA,0
SNKX,0
PAI,0
UOI,0
SNKR,0
PAJ,0
SNKP,0
PAM,0
TDV,0
STBJ,2
FTS,2
NTN,0
STBD,0
FTC,0
FTD,0
TKWD,0
ALW,0
FTH,0
MTLP,0
ALP,0
MGRR,0
MGRP,0
SMZ,2
SMX,0
SMV,0
SMU,0
SMT,2
GIMC,0
SMR,3
SMP,0
SMO,2
FA,7
SMM,0
SML,1
SMK,3
SMI,1
SMH,0
SMF,0
SME,2
FK,4
SMC,2
FM,4
MGRL,0
MDJ,2
GGT,0
MDH,0
MDN,7
NPNR,2
RCTC,2
GGR,2
MDB,0
MDA,0
GGY,0
MDG,0
MDD,0
MDE,4
GGD,0
GGA,3
GGC,7
GGB,0
MDR,5
MDS,6
MDP,9
GGN,7
MDW,2
MDT,0
GGJ,3
JER,7
JES,0
BBPR,0
JET,0
THUR,2
DFR,0
LKKD,0
JEA,0
JEN,0
KAOT,0
BQR,2
YL,3
YA,6
YG,5
YP,2
YS,0
YT,0
MITA,0
KFV,0
KFT,0
KFU,0
KFP,0
KFQ,0
KFX,0
KFY,0
KFF,0
KFD,0
KFE,0
KFC,0
KFA,3
SMKR,0
KFK,0
KFI,0
SPPR,0
NZR,0
ABB,0
NZP,0
ABD,2
ABE,0
NZT,2
ABH,0
ABI,2
HGT,6
HGR,0
ABO,0
ABP,7
NZB,6
ABR,9
ABS,3
BVAC,0
ABU,0
HGH,3
NZD,3
ABX,0
MHHR,0
ABZ,0
SNVR,0
NZM,15
HGA,0
BHI,0
JIND,6
BHK,0
SHBL,0
BHL,7
BHN,0
BHA,0
BHC,8
BHB,2
DRRN,0
BHG,0
BHY,0
BHX,0
BHZ,4
BHP,9
BHS,6
BHR,0
BHU,0
BHT,2
BHW,7
BHV,0
KTDD,0
ARAG,0
KILE,0
BGRR,0
SPSR,0
BGRA,0
BGRM,0
LPW,0
LPU,0
LPR,0
SFNR,0
GMAN,2
LPJ,4
LPI,5
LPH,0
LPG,0
MDJN,0
NHY,0
PKPU,0
GURN,0
KNRT,0
KNRI,0
KNRN,0
KNRA,0
SLGH,0
KNRG,0
NRSP,0
SICY,0
KHBJ,4
SBRA,0
DUMK,1
JAMA,2
KWBR,0
SLGE,0
KHBV,0
NHYD,0
CSM,0
CSN,5
CSA,2
CSB,2
CSY,0
CSZ,0
CSR,0
BANE,2
BAND,5
AKVD,2
AKVU,0
NNGE,2
KRRA,0
AEP,0
NNGL,2
KTE,17
KTF,0
CDBH,0
CDBN,0
CKSR,0
DDNA,0
RRU,0
MNGR,0
MNGT,0
PLHL,0
GDHA,0
HTNL,0
KPXR,0
CMMG,0
SSRD,0
SSRH,0
AEJ,0
AJIT,0
DMLE,0
ARI,0
MLSA,0
TVNL,0
KJNC,0
BDSW,0
SHDM,2
NGTN,0
SHDR,0
BSTP,2
BUU,0
VNG,0
VNE,2
TZR,0
VNB,0
VNA,2
VNN,0
VNM,0
VNK,0
VNJ,0
WENA,3
SBBJ,2
BUI,10
VNR,0
VNP,0
TZH,0
SONH,0
BBMN,3
SONR,0
GDPT,0
KMPT,0
KMPH,0
BUD,0
JMKR,0
SKJS,0
KRMP,0
KRMR,1
KRMI,3
KRMA,0
KRMB,0
KRMD,0
KRMG,0
HNDR,0
MKSP,0
S,3
MKSR,2
GLE,0
DOTL,2
LBZ,0
NDLS,20
UMS,0
UMR,7
MTNL,0
GLG,2
UMD,4
UMG,0
MABG,0
MABA,3
URML,0
UMB,19
UMM,0
MABN,0
URMA,0
PNTR,0
UMH,0
NDLH,0
IKR,2
UKWC,0
JKHI,0
OLP,0
OLR,0
PDNA,0
IKD,0
IKK,2
IKI,0
BLDK,0
BLDI,5
LBG,0
BLDL,0
FZR,5
BLDA,5
IMGE,0
SMTL,0
SMTN,0
FZL,0
BLDR,0
SMTG,0
SMTA,0
FZD,6
KSBP,0
LBO,0
SAPE,0
LBN,0
POKL,0
BII,0
DGDG,0
CDG,6
CTMP,0
MGWN,0
MGTD,0
SOA,4
MBM,2
RCRA,0
SOB,0
SOE,0
MBI,4
SOG,4
GAX,0
GAW,0
SOH,5
MBF,1
MBG,6
SOM,0
TBMS,0
MBB,2
GAP,2
SOQ,0
SOP,2
GAM,3
GAL,0
SOU,0
MBY,4
GAI,0
BFJ,2
GAG,0
MBU,0
MBV,0
GAD,1
MBP,0
MBQ,0
GAA,0
MBS,2
JCU,0
NRGO,0
JONR,0
BBRM,0
JCL,3
JCN,0
NRGR,3
JCH,0
GPDE,0
JNRD,0
JNRI,0
BFQ,0
RPHR,0
JTHR,0
BSPH,0
KMB,0
KHQ,0
KHR,0
KHS,4
KHT,3
KHU,2
KHV,0
KHH,0
KHI,0
KHJ,0
KHM,2
KHN,0
KHA,0
KHC,0
KHD,2
KHE,0
KHF,0
NXR,0
KMJ,2
NXN,4
KOWN,0
BVS,0
BVR,0
BVQ,2
PRAR,0
BVW,0
BVV,0
BVU,0
RIKA,0
BVZ,0
BVC,4
BVB,0
BVA,0
PRAE,0
BVI,14
BVH,7
BVO,0
BVN,2
BVM,0
BVL,2
JUJA,2
ARGP,0
ARGL,0
ARGD,2
BGPR,0
BGPL,2
BON,0
OSN,3
OSA,0
KMX,0
KUMB,0
LRA,0
DKGS,0
LRB,0
PKRH,0
MDLM,0
MDLL,0
PKRD,0
LRJ,10
PKRA,0
MDLE,0
GGSY,0
LRU,0
DKGN,0
VRB,2
SBTA,0
SBTF,0
GRAK,0
TVI,3
GRAE,0
VHGN,2
CUR,2
CUX,2
CUE,0
CUL,0
CUK,3
TVG,0
CWDA,0
HATI,0
KDRP,2
ABLE,2
VRM,0
MLW,0
SRAS,0
BTJL,7
PLSN,0
DOKM,0
TUVR,2
DOKY,0
PKW,2
BNKT,0
SCPR,0
BNKM,0
BNKI,0
BNKH,0
BNKJ,0
SCPD,0
BNKA,0
PKX,0
SSPN,4
TNRI,0
PKY,0
SSPH,0
SSPD,0
SAGM,0
GVMR,0
VDGT,0
SSPR,0
TNRU,0
PKC,0
MZRT,0
GW,0
UMRI,3
GT,0
GS,0
GR,5
JMIR,0
GP,5
TLHD,5
UMRA,0
GY,9
DDNI,0
GG,0
GD,10
GC,0
GB,3
VRBD,0
GO,0
GM,0
GK,2
JRKT,0
TLHR,3
GH,2
BRTL,0
KJPD,0
BRTK,0
BRTG,0
BRTA,0
BSRA,0
KMRJ,0
BSRL,0
MJGP,0
BSRX,2
SHJP,0
VLI,2
TTZ,0
VLK,0
DHWN,0
VLL,0
MPLY,0
VLN,0
VLA,0
TTR,3
TTQ,0
VLE,0
MPLR,0
VLG,0
VLY,5
MPLM,2
TTO,0
TTN,0
MPLI,0
TTL,2
TTB,3
MPLE,0
VLR,4
VLU,0
VLT,0
VLV,0
ZN,7
ZB,2
GARA,0
ZW,2
ZP,0
BDVR,0
APDC,0
KKAH,2
APDJ,10
BJN,0
GHRI,0
BZLE,2
SKHR,0
SKHK,0
CCBG,0
JHIR,0
BJL,0
GNHI,0
DBEC,2
KOHL,0
KOHR,0
BCGM,0
SPVM,0
ATPA,0
TMPY,0
NDBT,0
UKV,0
DJS,0
UKN,0
UKL,2
UKH,0
UKE,0
UKD,0
UKC,0
UKA,2
JPRD,0
OND,0
NKBR,0
ONR,0
CLHT,0
KRON,0
RZN,0
RZJ,0
RDHP,4
NTWL,0
STNL,0
STNC,0
NLDA,6
NLDM,2
KNKT,0
CTKT,3
KNKP,0
MUT,4
MSBR,0
MSBH,0
MUQ,0
POHE,0
SAI,2
SAH,3
SAO,0
SAN,7
SAL,0
SAC,2
SAB,0
SAA,2
SAG,3
SAF,0
SAE,3
SAD,0
SAY,0
SAS,0
SAR,0
SAP,3
SAW,4
SAV,2
SAU,4
SAT,2
KUGT,2
CHB,0
CHC,0
CHD,4
CHE,9
NRYP,0
CHH,2
CHI,6
JAT,7
CHK,0
CHL,2
CHM,0
CHN,0
KASR,2
JAN,2
JAO,4
CHR,3
JAM,8
JAJ,9
CHU,0
CHV,4
JAG,0
CHZ,2
JAB,0
JAC,0
JAA,4
DBI,0
MUE,7
DBK,0
DBM,0
DBL,0
DBO,0
DBN,0
DBA,4
DBB,1
DBD,4
DBG,5
DBF,0
DBY,2
DBQ,0
DBP,0
JNTR,0
DBR,4
DBU,2
DBT,0
DBW,0
DBV,0
PIRN,0
CBG,0
BADR,0
BTWN,0
BFPA,0
BADK,0
GTRA,0
AFK,4
GCH,2
MHDP,0
GCT,5
AFR,2
BTU,2
BTT,7
BTW,2
BTV,2
BTQ,2
BTP,8
BTS,4
BTR,0
BTY,3
BTX,3
BTZ,0
BTE,10
BTD,8
BTG,3
BTF,0
BTA,5
BTC,1
BTM,0
BTL,0
BTO,0
BTI,18
BTH,4
BTK,2
BTJ,2
NBGH,0
BGVN,2
TETA,2
QGT,0
KJG,2
KJJ,0
KJH,3
KJI,2
KJN,5
KJL,0
KJM,12
KJS,0
KJP,0
KJV,0
KJW,0
KJT,7
KJU,0
KJZ,0
WAIR,0
KJY,3
ASI,0
MDNR,5
NUB,0
DLSR,0
KLDI,0
BWIP,1
DKAE,0
BEHJ,0
BEHI,0
BEHT,0
BEHS,4
BEHR,5
JAIS,4
CHWT,0
CAMU,0
NPTY,0
GLKN,0
VASO,0
JDNM,0
CWR,0
CWI,0
CWN,0
CWA,2
JDNX,0
TTRA,0
DOLK,0
NNCN,0
SWO,0
WDD,0
CDNR,0
BTHL,0
PSDA,0
PTPR,0
WDM,2
GRCP,2
KBQ,0
ANAS,2
KD,0
NVRD,0
ZARP,0
ANAH,0
KDBA,0
TNPR,0
SSNR,0
SSNS,0
KDBM,0
KDBR,0
SUCH,0
JEUR,4
SSNH,0
RDUM,2
JMKT,6
VRDP,0
HRM,0
RNGG,2
JMKL,0
BLL,0
BRVR,2
KSBI,0
BLN,0
RNBD,0
KJRD,0
KSBG,0
SHHT,0
BSPK,0
BSPL,0
BHDH,0
BSPN,2
BSPD,0
BSPX,2
TPNI,0
BSPR,2
BHDR,0
TPND,0
VRR,4
VRQ,0
TORA,0
VRV,0
VRU,0
VRT,0
TVT,0
VRX,0
TORI,5
TVP,5
TVS,0
TVR,4
TVL,2
VRA,0
TVN,0
VRG,2
VRE,0
VRI,5
VRH,2
VRN,0
TVC,10
VRL,4
AJMB,0
TMLP,0
TMLU,0
PMYA,0
SORD,0
GALE,0
GALA,0
NGAN,2
SORO,4
SORI,0
PBKS,2
GHPU,0
PATI,0
SDGM,2
SDGH,3
KRAI,0
DIBL,0
QRP,3
QRS,0
VSKP,7
KONN,0
HPR,0
HPP,4
MPNH,0
HPU,11
HPT,4
KONY,0
HPH,0
HPO,0
HNHL,0
HPA,0
HPG,0
LAUL,0
JTSR,0
PNHR,0
ABW,0
DRSN,0
MTBG,0
PNHI,0
JKDP,0
UIH,0
KRAN,0
RXM,0
RXL,2
RXN,0
ANCR,0
RXR,0
KRAR,6
SMPA,2
STLB,0
STLI,0
SMPR,2
STLR,2
HX,8
MRPM,0
HR,0
HP,2
HW,7
HT,0
HK,0
HN,2
HM,0
HB,0
HC,0
HA,0
HG,6
HD,6
SCM,3
SCL,1
SCO,0
SCN,0
SCI,3
SCH,2
MNP,4
MNQ,2
MNR,0
MNS,0
MNU,0
MNV,5
MNI,5
MNJ,3
SCY,0
MNM,4
MNO,2
SCT,1
MNC,0
MND,2
MNE,7
MNF,3
PBW,0
PBV,0
CJN,2
PBP,2
CJL,0
PBR,4
CJA,0
PBZ,0
PBE,3
PBD,0
PBA,0
PBB,0
PBM,2
PBL,3
PBN,7
PBH,13
THSA,0
WLGN,0
SLOR,0
MNUR,0
SLON,0
ADT,3
GMH,4
GMO,12
GMN,0
GMM,0
ADQ,0
GMA,0
GMG,0
ADX,0
GMD,2
ADF,2
ADD,0
ADE,0
ADB,4
GMS,3
GMR,4
ADL,0
ADH,3
ADI,18
BRZ,3
BRY,2
PJLE,0
BRW,2
BRU,2
RIGA,0
BRS,3
BRR,5
BRQ,0
BRP,0
BRN,0
BRM,0
BRL,0
BRK,2
BRI,0
BRH,2
BRG,2
SCKR,3
BRE,4
BRD,4
BRC,20
BRB,0
BRA,0
GGKR,0
JUNC,0
DKCH,0
JUNX,0
CNGR,5
ARKA,0
KLD,5
MNX,0
KLG,2
KLA,0
KLB,2
MNY,0
KLL,4
KLM,0
KLH,0
KLI,0
KLJ,2
KLK,3
KLT,4
KLU,2
KLV,0
KLW,0
KLP,2
KLQ,0
KLS,0
KLX,0
KLY,0
KLZ,0
DSPN,2
SCE,2
GJMB,0
DSPT,0
DMYA,0
SHSK,4
SCC,5
VELI,0
KWDP,0
KHDP,0
KHDI,0
KHDH,0
NPRD,0
MNL,0
KHDB,0
BGTA,4
DNGD,0
DNGI,0
BGTN,0
SCV,0
SCQ,2
TII,0
SCP,0
SKSO,0
BNOD,0
SYWN,2
RMBG,0
CJM,4
MKDD,0
WGA,0
CHUA,0
BKKI,0
MKDN,0
WGI,0
MKDI,2
WGJ,0
BKKS,0
GRMT,2
RHOT,0
GRMP,3
GRMR,2
BRPA,0
AMGA,0
BPAE,0
BRPK,0
BRPL,3
SUMR,0
CJR,0
BRPT,2
CJS,0
SUMA,0
PVRD,5
CJQ,0
CJW,0
BNG,0
PRWA,0
JRWN,0
KJTW,0
BMBE,0
SHNR,6
SHNX,0
SHNG,2
UKR,0
CTTP,0
VPU,0
VPT,6
GPJ,0
VPR,0
PPDA,0
VPY,0
VPZ,0
THW,0
VPG,0
PPLI,0
VPL,0
VPO,2
VPN,2
VPH,0
VPJ,0
YPR,12
BBKR,0
PFMA,0
PFMB,0
MLYC,0
NGON,0
HDD,0
GANG,2
YPD,0
GANI,0
GOVR,0
JXN,0
CDMA,0
GJ,0
GPX,0
THJ,0
GI,0
PNSR,0
CKX,0
PUWA,0
GPR,3
JHMR,0
TPG,0
TPF,2
TPE,0
KOLR,2
TPB,0
AVRD,2
HRT,2
HRW,2
HRV,0
TPK,2
TPJ,13
HRS,3
HRR,2
TPW,0
TPV,0
TPU,1
TPT,7
HRI,12
HRH,0
TPQ,0
TPP,0
HRE,0
HRG,2
NTR,0
TPZ,4
TPY,2
HRB,2
BCCB,0
KODI,0
NTU,0
KTYR,0
KLGR,0
MTDI,0
KTYM,10
MTDM,1
GBHA,0
UGN,0
MADA,0
SNSN,0
SNSL,0
MADM,0
UGD,0
MADR,0
MADP,0
UGR,3
UGP,0
UGU,0
RFR,0
KRCA,0
KRCD,2
ENR,0
RFJ,5
NIP,0
SMRL,0
NIQ,2
BWRA,0
NIV,0
ROHA,3
CLDR,2
CLDY,3
KNGT,0
KNGN,0
SEW,0
SEV,0
SEU,3
SET,0
SES,0
SER,0
SEQ,0
SEP,0
SEY,0
SEX,0
SEG,5
SEE,6
SED,2
SEB,3
SEO,3
SEN,0
SEM,4
SEL,0
SEJ,0
SEI,0
SEH,5
CLN,0
CLO,0
CLI,0
CLJ,4
PDX,0
PDW,2
PDV,0
CLF,2
PDT,0
PDS,0
PDR,2
PDQ,0
PDP,0
PDO,0
KUCH,0
IMR,0
CLX,6
PDJ,0
PDI,0
PDH,3
CLT,9
CLU,2
PDE,2
CLW,0
KUCE,0
CLR,2
RHMA,2
THMR,0
LKCB,0
KAWL,0
KAWR,8
KAWT,0
BPA,5
BPC,2
BPB,6
BPE,0
BPD,0
PRKE,0
PRKD,0
BPH,2
BPK,2
BPJ,0
BPM,0
BPL,18
BPO,2
BPN,0
BPQ,14
BPP,3
BPS,0
BPR,2
BPU,0
BPW,0
BPY,0
ADR,2
BPZ,0
BTSI,0
GEOR,0
BTSD,0
NMKL,2
BTSR,0
NMKA,0
MLB,2
MLC,0
GOI,0
MLG,2
GOK,4
MLJ,2
MLK,0
AJR,0
MLI,0
GOA,2
AJU,2
GOC,3
MLM,0
AJH,0
AJI,5
AJJ,14
AJK,0
MLV,2
AJM,0
AJN,0
MLU,0
MLZ,3
GOT,0
MLX,0
MLY,4
GOP,2
GOS,0
NRK,0
NRJ,0
NRI,3
NRH,0
NRO,2
NRN,0
NRM,3
NRL,2
NRA,0
NRG,2
NRF,0
NRE,2
NRD,0
NRY,0
GMX,0
NRS,2
NRR,2
NRP,2
NRW,4
NRV,0
NRT,4
RGPM,2
MDBP,0
BJMR,0
GMU,0
BJMD,3
BJMA,0
KNN,8
KNO,0
KNL,2
KNM,0
KNJ,2
PASA,4
KNF,0
DKZ,3
KND,4
KNE,7
KNB,0
KNC,0
KNZ,0
DKX,0
PASR,0
KNW,13
KNT,2
KNU,0
KNR,0
KNS,0
KNP,2
LXR,0
DKE,2
LXA,2
CEME,0
BBPM,0
BELA,3
BELD,0
AKNR,0
JITE,0
LKNR,0
YKA,0
DNEA,3
MOGA,2
VTG,0
SRGT,2
SRGR,0
SRGP,0
BNAA,0
SRGD,0
DAVC,0
DAVM,2
SRGM,5
DAVJ,0
ZBD,8
SIKR,0
WAB,0
GNSL,0
SIKD,0
TWL,0
GNST,0
LCR,0
BKIT,0
GZA,0
ANMD,0
BRRG,6
BRRD,0
KSNG,4
URG,0
BRRZ,0
BPGR,0
KSNR,0
PVPT,4
PANP,3
IP,0
TLNR,0
IK,0
IJ,0
TLNH,0
IB,0
JGWL,0
KGIH,0
LCH,0
LKNA,0
BXHT,0
GSDH,0
SHLU,0
SHLT,0
CTRE,0
CTRD,0
SHLK,0
ETMD,0
BSLE,0
SXA,0
SXB,0
SXD,0
SAHA,0
SXF,0
SAHL,0
HRPG,2
SXK,0
INTY,0
VVR,0
SXN,0
SXP,0
VVN,0
SXR,0
SXS,0
SXT,3
SAHR,0
VVH,0
SXX,0
VVD,0
VVB,2
VVA,0
GOTN,4
NGMP,0
GOTD,0
JVT,0
JVN,5
JVL,0
JVA,0
RPWN,0
KLE,0
BZJT,0
PYV,0
IPM,3
MIAL,0
MIAN,0
TRK,2
TRJ,0
TRM,0
TRL,4
TRO,2
TRN,0
TRA,0
MCVM,0
TRB,2
TRE,0
TRG,0
TRF,0
TRX,0
TRZ,0
GNNA,0
TRP,0
TRS,2
TRR,3
TRT,6
TRW,0
HTE,5
HTD,0
HTC,4
HTN,0
HTL,2
HTK,5
HTJ,0
HTW,0
HTT,0
HLKT,0
SJRR,0
HTZ,7
HDW,2
NGF,0
KTWS,0
HDT,0
MTFA,0
KORI,0
MAJN,8
NGC,0
DRWN,0
NBPH,0
ODM,2
ODB,0
ODC,2
NKDO,0
ODG,4
RDU,0
RDT,0
RDP,1
ELM,2
RDY,0
RDE,0
RDD,0
RDG,0
RDF,0
RDM,8
RDL,6
ELP,0
RDN,0
RDI,0
RDK,0
RDJ,0
SMLT,0
NLNR,0
STHL,0
LEK,0
BWPB,0
LER,0
SMLG,0
FBG,2
SMLA,3
FBD,8
RSRI,0
HDB,1
NGR,3
DMBR,2
PHRH,0
SGZ,6
KNAD,0
KCCN,0
SGP,4
SGS,3
SGR,3
SGW,0
SGV,0
KNAR,0
SGJ,2
SGM,0
SGL,6
SGO,12
SGA,0
SGC,0
SGE,2
SGD,5
SGG,5
NPMR,0
CNR,0
CNS,2
ICL,2
TMQ,3
CNX,0
CNY,0
CNF,0
CND,2
CNE,2
CNB,32
CNC,2
CNA,5
CNO,2
CNL,0
CNJ,0
CNK,4
CNH,0
CNI,7
MRTA,0
KAYI,0
MRTL,2
DXU,0
PFM,7
DXR,0
DXN,2
PFR,3
DXK,0
PFT,0
DXH,0
DXG,2
DXD,0
MRTY,0
KAYR,2
SLKX,0
KZPE,0
SLKR,2
BMP,0
BYSA,0
SLKN,0
GIW,0
MJE,0
MJF,6
MJG,3
SIPA,0
NRUR,0
MJL,2
MJM,0
MJN,2
MJO,0
GIZ,0
GIF,0
MJV,0
GID,2
MJP,0
GIA,0
MJS,5
GIO,0
GIN,0
GIL,0
MJY,0
GII,0
NPM,0
NPL,0
AHA,6
NPI,0
PLQ,0
AHD,0
NPD,3
AHH,3
AHI,0
MENP,0
AHO,0
AHL,0
MBGA,0
MHBZ,0
NPX,0
AHU,0
AHZ,0
NPT,0
NPW,0
MHBT,0
NPS,3
NPR,0
BILK,0
SHR,6
BDDR,2
MDDP,3
PRKA,0
AROR,0
CDV,0
SB04,0
CDQ,0
KPP,3
KPQ,4
KPS,0
KPU,0
KPV,7
KPY,4
KPZ,2
CKDL,4
KPA,0
KPB,0
BABR,0
KPD,23
KPE,0
KPG,7
KPH,0
KPI,2
KPJ,0
KPK,0
KPL,0
KPM,0
KPN,4
KPO,0
ASNE,0
SHWL,0
GIBP,0
SONW,0
BENL,0
SHWl,0
MGC,0
PRSP,0
TBX,0
LGDH,0
SVUR,0
GZH,3
KKTI,0
KKTA,2
BXL,0
BNCR,0
TBU,0
PRSL,0
ANKL,3
MGN,5
BNCE,8
HAPA,5
EC28,0
SRID,5
MGL,0
PRKH,0
TBM,3
AYR,0
TBL,0
MGT,0
TUNI,7
BKWA,0
BKWC,0
TUNG,0
WCN,0
MGX,2
TBD,0
BDYR,0
BRLY,0
BRLF,0
BRLA,0
LING,0
SUIA,0
PRKL,0
MNZ,0
PPW,0
KRXA,0
PALR,0
PALI,0
BLYC,0
PALM,0
BLYG,0
DPRA,0
BLYH,0
CKYD,0
MVKR,0
NLSF,0
PTTN,0
TKDC,0
RSMN,0
CTPR,0
CTPE,0
SZK,0
SZH,0
SZN,0
HRNR,4
DHBI,0
SZB,0
SAJH,0
SZA,0
SZF,0
TPTY,6
SZE,0
SZZ,0
HRNG,0
SZR,4
TPTN,2
SZV,0
GRPA,0
JTY,0
JTX,0
JTU,0
JTW,3
JTV,0
JTP,0
JTS,0
JTR,0
JTL,0
JTO,2
JTN,0
JTI,2
JTH,0
JTK,0
JTJ,14
JTG,4
JTB,3
RPUR,2
GAJB,0
BBGN,2
REWA,1
GAJU,0
RVKH,3
SIVN,0
KANS,0
MTA,0
QTP,0
LNA,0
SDAM,0
SDAH,8
PUSA,0
TLS,0
TLR,0
GTD,0
TLV,3
MYHT,0
TLT,0
TLZ,0
TLY,4
GTK,2
GTL,12
GTM,4
VTN,0
TLC,2
VTP,0
TLA,0
GTS,5
GTT,2
PCT,0
TLE,0
TLD,3
GTX,0
TLJ,3
TLH,6
TLO,0
TLN,0
TLM,0
TLL,0
HVM,0
HVL,0
RNJD,0
HVD,3
SJTR,0
HVR,6
CJE,0
PCO,0
PCM,0
UCR,5
UCP,0
PNBE,22
MAHE,3
UCB,0
UCA,3
SGAM,4
UCH,0
RBZ,3
RBS,2
RBR,0
RBN,0
RBL,13
RBK,2
RBH,0
RBG,5
RBD,2
TNGM,0
RBA,2
KRGA,0
250JRU,0
LGH,5
LGN,0
LGO,3
LGL,2
LGB,0
LGD,0
STVA,0
SMNE,0
SMNH,1
SMNN,0
LGT,4
DZA,4
DZB,0
BE,14
JU,11
DZK,0
JW,0
JP,16
DZL,0
JL,11
JM,2
JN,0
JO,0
JI,0
JJ,0
JK,0
JA,0
NPKM,0
KHST,0
TIT,0
KHSN,0
BM,0
IAM,0
TIP,0
IAA,5
TIR,7
BK,0
PHK,3
TIL,0
PHI,0
PHN,6
TIM,0
PHC,0
PHA,3
BMHR,0
PHE,0
PHD,7
PHY,0
PHX,0
VXD,0
PHS,0
PHR,5
ASJP,0
PHV,0
GSD,0
BS,0
TID,0
VLYN,0
BNXR,3
VYK,0
TRSR,0
TIA,2
AONI,2
GSO,0
MHN,0
MHO,0
MHL,0
SIRA,0
MHJ,4
MHH,3
MHI,0
GKP,19
MHD,4
SIRN,0
MHC,0
SIRL,0
GRMA,0
GKH,3
GKK,2
GKJ,2
BNAR,0
GKL,0
MHV,1
GKC,3
GKB,0
GKD,0
GKG,0
MHQ,2
AND,0
ANE,0
ANF,2
ANG,4
NVS,6
ANA,0
ANB,2
NVP,0
ANO,0
ANH,4
ANI,0
ANJ,0
BHLK,3
NVG,4
NVF,0
ANV,4
SNPH,0
ANP,0
ANQ,0
ANR,3
YDLP,0
GDYA,3
ANY,2
BDBA,2
NADA,0
BDBG,0
BDBP,0
BDBS,0
JFG,0
KRZ,0
KRX,0
KRY,3
KRR,8
KRS,2
KRP,0
KRQ,0
KRV,0
KRW,0
KRT,0
KRU,0
KRJ,5
KRH,3
KRI,0
KRO,0
KRL,0
KRC,0
BALU,8
KRA,2
ODUR,0
KRG,3
KRD,8
KRE,2
NNR,3
DSNI,0
NBRL,0
KKRD,0
KMGH,0
KMGE,0
KKRL,0
KKRM,0
KKRV,0
INJ,0
BJIH,0
AIH,0
JREA,0
IPPM,0
RPV,0
SBPY,4
KPDH,0
DARI,0
SRKI,0
DARA,2
LHBK,0
PUNE,17
BAHN,0
ASE,0
HKNT,0
GLA,2
VSPR,0
CAER,6
GLD,0
BRPM,0
GRKN,2
WML,0
SIOB,8
MKBH,0
GRKA,0
PLJE,2
GLY,0
RPM,0
BRNR,0
CUPJ,4
PSK,0
BRNA,0
BRND,0
BPKA,0
PCTM,0
GLV,0
SUKU,0
GZKA,0
BLWR,0
BSX,4
BLWD,0
BSY,0
VRLR,0
PSN,0
SQE,0
RNRD,0
SALI,0
MSWA,0
GSGJ,0
SALE,3
SALR,0
KUTR,0
KUTL,0
KUTI,2
BSE,4
GOPG,0
CRLM,4
GOPA,0
JRG,2
GADM,0
GADH,2
GADJ,5
JRO,0
BBAI,0
JRL,0
JRK,2
JRJ,0
MBWC,0
JRW,0
JRV,0
JRU,3
JRT,0
JRS,0
JRR,2
JRQ,0
JRZ,0
JHWR,0
JJBR,0
MFKA,3
TNU,0
TNT,0
TNW,0
GVI,2
GVN,2
TNP,0
GVL,3
TNR,2
GVB,0
GVG,2
GVD,2
KNDR,0
TNA,6
TNM,5
TNL,2
TNO,0
TNI,0
TNH,0
HHR,0
NKB,0
HHP,0
NKD,3
NKE,4
DBSI,0
HHT,0
NKH,0
NKI,0
NKJ,2
NKK,0
NKM,3
MHA,0
BVRM,2
NKP,3
NKR,0
HNPA,0
HHG,0
NKU,0
BVRT,5
NKW,2
NKX,0
SJVP,0
ITKL,0
HHL,0
BYH,0
SGWF,0
ARPL,0
MANR,0
KTSC,0
MANU,2
MANW,0
KTSH,2
UAR,0
MANA,0
MAND,0
MANE,0
MANG,2
UAA,2
MANK,0
SNYN,0
51PBE,0
LAL,0
LAN,0
LAK,0
LAE,0
KGKD,0
LAA,0
LAC,0
MMU,0
AXA,0
LAT,0
LAU,2
LAV,4
LAP,0
LAR,9
DTK,0
DTJ,0
MMV,0
DTO,4
DTN,0
DTL,0
DTC,2
DTF,0
DTE,0
DTX,0
THKU,0
CHQ,0
SWRT,0
DTR,0
DTQ,0
DTP,0
DTW,0
DTV,0
MMM,3
SBC,10
MMH,2
IGU,0
BDN,2
SBD,5
IGP,6
BGAN,0
BGAR,0
SBJ,0
SBK,0
IGL,0
MMG,0
GSPR,3
PJN,0
CBF,3
PJH,0
PJK,0
CBE,6
CBJ,0
CBK,3
CBH,0
CBN,4
MOPR,0
CBM,3
CBR,0
NRSD,0
CBP,0
PJY,0
MMC,0
CBT,0
CBU,0
CBZ,2
CBX,0
MRPR,3
PJP,0
PJR,0
BZU,8
BZS,0
BZR,3
BZY,3
PRUR,0
BZG,2
BZE,0
BZA,30
BZO,2
BZN,3
BZM,6
BZL,0
BZK,0
DJKR,0
KON,2
KZTW,2
MVP,0
LUSA,3
MVV,0
MVW,0
CHBN,0
MVA,0
CHBT,0
CHBS,0
CHBR,0
MVF,0
MVG,0
MVH,0
MVI,2
MVJ,5
KOF,0
MVL,0
MVN,4
MVO,2
ALN,0
NTZ,0
ALJ,2
ALK,0
DDY,0
ALD,26
ALE,0
ALB,2
NTT,0
NTW,0
NTV,1
KOZ,0
NTM,0
ALY,3
NTA,0
RKDI,0
ALU,6
ALS,0
NTG,0
KSWD,0
MDXR,0
KOQ,0
KSWR,0
SDLE,0
RRNH,0
WKRC,0
KBGN,0
SLGM,0
KTX,2
KTY,0
KTZ,0
PPDI,0
KTT,0
KTU,4
KTV,2
KTW,2
KTP,0
KTQ,2
KTR,0
TLWA,2
KTM,2
KTO,0
KTH,3
KTI,0
KTJ,0
KTK,0
KTD,0
JGNR,2
BANO,4
BANI,2
KTA,0
SLGR,7
RTWS,0
DSHI,0
KKPM,2
DURG,7
DURE,5
KMAE,0
SAWN,0
KKPR,0
TGDE,0
BWNG,0
MURI,12
MLBN,0
BJKN,0
BWND,0
MURD,2
JDDA,0
LTHR,3
MZS,1
BNGY,0
SOPR,0
KPJG,0
CHNN,0
LHLL,2
PFMJ,0
BNGM,0
BNGL,0
BNGO,0
BNGN,3
HATB,0
KPHN,0
DAPD,0
BIML,0
VLDI,0
RUSD,0
RAGM,0
SRMR,0
CGI,0
MLYG,0
CGH,0
JACN,0
BKSL,2
BKSA,0
LUNI,5
BKSC,8
WOC,0
PMQ,0
DOGL,0
PMKT,2
PMS,0
SKU,0
KSHR,0
SKW,0
MRPL,0
BRHL,0
SKQ,0
BRHD,0
PMD,0
SNDD,4
DDJ,0
MASK,0
SNDI,0
GANL,2
JPML,0
CSTM,4
PLGH,0
PMN,2
KB,0
MGRD,0
PMO,0
PTPU,0
KE,0
PQA,0
KK,6
KJ,0
KI,4
KH,2
KO,2
KN,0
KM,0
KL,3
KS,3
KP,3
KW,0
KV,0
KU,0
KT,6
KY,3
CGV,0
AMRI,0
MJA,4
BHRL,0
SANR,2
BHRJ,0
MJKN,0
TPPI,0
MSDR,0
SANK,0
SANH,0
MRZA,0
MFA,0
KLNT,0
IZN,2
KLNP,0
KLNK,4
KLNC,0
CRND,0
KLNA,0
JPI,0
JPH,2
JPM,0
JPL,3
JPO,0
JPE,5
JPD,2
JPG,4
JPZ,2
JPQ,0
JPP,0
NGWN,0
JPR,0
JPV,0
BGA,0
BGD,0
BGF,0
BGG,0
BGH,3
MFL,2
BGK,5
BGL,0
BGM,6
BGN,0
BGO,0
BGP,9
BGQ,2
BGS,9
BGU,0
BGV,0
BGX,0
BGY,1
BGZ,4
TCN,1
GEB,0
MFR,0
SDMD,2
VXM,0
PPLC,0
GPH,2
GPI,0
THY,0
THX,0
GPD,2
THV,4
THS,0
THR,0
GPB,6
GPC,0
THO,0
THN,0
THM,0
THL,0
THK,0
GPY,0
GPZ,2
GPT,0
GPU,0
THE,0
GPW,0
THB,4
THA,2
KODN,0
HLAR,3
NIN,0
HJP,9
NIL,0
NIM,0
NIA,3
NIG,0
NID,0
GDE,0
NIR,2
HJL,0
HJO,5
HJN,0
HJI,6
NIT,0
NIU,2
DLBC,0
FDB,8
JGI,0
FDK,3
KAMA,0
FDN,2
ARVI,0
MBD,0
MALX,0
MALR,0
MALM,5
MALK,0
JGA,0
MALB,4
NNE,0
JGE,0
QXR,0
DDK,0
LCT,0
RNH,2
RNO,2
RNN,0
RNL,0
RNC,4
RNA,0
RNG,4
RNE,0
STRK,0
RNY,7
RNX,0
STRM,0
LCA,0
LCN,0
RNR,4
RNQ,4
RNW,0
RNV,2
RNU,0
RNT,0
DVM,0
DVL,2
DVN,0
DVH,0
DVJ,0
DVD,7
DVG,8
THED,0
DVA,0
THEA,0
BMLL,2
JGP,0
DVY,0
SWPR,4
JGR,3
DVR,0
MBA,5
DDD,0
OBM,0
UKEC,0
OBR,4
PLW,0
PLV,0
PLU,0
PLT,0
PLS,3
CDA,0
CDB,0
PLP,5
CDL,0
CDM,4
CDH,0
CDI,0
PLY,4
CDK,0
PLG,8
PLE,0
MRND,4
CDP,0
MBC,0
PLA,0
CDS,0
PLO,2
PLM,0
MORA,0
PLK,2
PLJ,4
PLI,2
BXY,2
MHLC,0
TRWT,0
BXQ,0
BXP,2
BXS,0
BXR,9
BXT,0
BXK,2
BXJ,4
BXM,2
PRSN,0
BXO,0
BXN,8
BXA,2
TPC,0
BXC,0
MJR,0
MNTT,2
BXF,0
TPN,0
TPM,0
MTY,4
MTR,3
MTP,1
MTV,0
MTU,2
MTJ,18
MTH,0
MTI,0
MTN,0
MTO,0
MTL,0
MTM,2
MTB,0
MTC,7
TPH,3
MTD,6
MTE,0
ARP,0
ARQ,2
ARR,0
ARU,0
ARV,3
ARW,3
ARX,0
SJPM,0
ARA,10
KOLE,0
ARD,2
ARE,0
ARG,0
ARH,0
WZJ,2
ARJ,9
ARK,0
ARL,0
ARN,0
KOLA,0
KSUA,0
BORA,2
SJPA,0
PQY,0
KOLI,0
BAHP,0
MVRM,0
GTJT,3
CKNI,2
BAHI,0
CKNA,0
LOGH,0
BAHL,0
KVG,2
KVD,0
KVE,0
KVC,0
KVA,0
KVN,0
KVO,0
KVL,0
KVM,2
KVJ,0
KVK,0
KVH,0
KVU,2
KVR,5
KVS,0
KVP,0
KVQ,0
KVZ,4
KVX,0
MBT,0
KKNA,0
KKNH,0
ASLU,0
VTL,0
BEDM,0
BJUD,2
MUPA,2
MLDT,16
DEWA,0
LHNR,0
LHNA,0
KPHH,0
UDGR,3
SBBP,0
KDU,2
TATI,0
NOMD,2
TATA,15
PGDI,0
PSPY,0
PGDP,0
SJER,0
MTSK,0
HER,0
RJLK,0
BRJN,3
RJLA,0
TNDE,0
TNDN,0
BCPR,0
VTV,0
CDRL,0
CDRA,0
PLAE,0
KMEZ,0
BLSA,0
KGRA,0
BLSD,0
PTRT,0
PTRU,5
BLSN,0
BLSR,0
PTRL,0
ATRR,0
PTRJ,0
TKBG,0
SELU,3
PTRD,4
PTRE,2
TKBN,0
