USRA,2
HEM,2
UGD,2
SPX,2
SPY,4
SPZ,2
BSDP,2
SPP,2
SPQ,2
SPR,4
SPT,2
MSSD,2
SPV,2
HEI,2
SPJ,4
SPK,2
BSDA,2
RKJE,2
SPO,2
BSDL,2
SPC,3
SPD,2
SPE,2
SPF,2
MLNH,2
KADI,2
JNP,2
PQD,2
PQE,2
JNU,3
JNT,2
PQH,2
JNZ,2
JNX,2
PQL,2
PQM,2
PQN,2
KUPR,2
PQS,2
PQU,2
JNE,2
JND,3
JNK,2
KFPR,2
PQZ,2
JNH,4
JNO,2
JNN,2
JNM,2
JNL,2
BEJ,2
BEK,2
BEH,2
BEI,2
BEO,2
BEM,1
BEB,2
BEC,3
BEA,2
BEF,2
BEG,2
BEE,2
BEY,2
BER,2
BEP,2
BEQ,3
BEW,2
DJRZ,1
BEU,2
BIRP,2
MIYN,2
BIRA,2
BIRD,2
GRV,2
GRU,2
GRR,2
GRS,2
GRP,2
PPNI,2
GRZ,2
GRX,2
GRY,2
GRF,2
GRG,2
GRD,1
GRE,2
GRB,3
GRA,2
GRN,2
GRO,2
GRL,3
GRM,2
GRJ,2
PPNS,2
GRH,2
GRI,2
NOL,2
NOH,2
HLZ,1
NOK,2
HLW,2
HLV,2
TJM,2
HLR,2
HLP,2
HLN,2
HLK,2
NOY,2
TJW,2
HLG,2
HLE,2
HLD,2
HLB,2
SMDM,2
STPD,4
DLDE,2
SMDC,2
STPT,2
SMDT,2
SMDP,2
PNDR,2
PNDP,2
PNDM,2
KTOA,2
SPL,2
BAWA,2
SPN,3
BAWD,2
DIVA,5
RLL,2
RLO,2
EDA,2
RLK,2
LMP,5
RLD,2
RLG,2
RLA,3
LMU,2
LMK,2
RLX,2
LMN,2
EDU,2
LMA,2
RLW,2
LMC,2
LMD,2
RLP,2
RLS,2
RLR,2
DPW,2
MOTA,2
DPU,2
MOTC,2
DPS,2
BMNL,2
MOTG,2
MOTH,2
PLT,2
DPZ,2
DPX,2
DPE,2
DPD,2
DPC,2
DPA,2
DPL,2
DPK,2
DPJ,2
DPI,2
DPH,3
LD,3
LC,2
LO,2
KNYR,2
LM,2
LH,2
LW,2
LT,2
LR,2
LS,2
LP,2
GBRA,2
SVNI,2
GBRI,2
TRTR,2
STJT,2
GBRS,2
SVNR,2
MNKD,2
MLS,2
PNQ,3
PNP,2
PNU,3
PNT,2
PNW,2
PNV,2
MRLM,2
PNK,2
PNJ,2
PNM,2
PNC,4
PNB,2
MRLA,2
PND,2
PNF,2
MLP,2
MNKB,2
BYD,2
MLV,2
GRRU,2
PQA,2
MRT,2
MRU,2
MRV,2
MRQ,2
MRR,2
AHJU,2
MRM,2
MRN,2
GRRG,2
MRK,2
MRD,2
MRE,2
MRF,2
MRG,2
MRA,2
MRB,2
MRC,2
APR,3
APP,2
APQ,2
APT,2
APJ,2
APK,2
APH,2
API,2
APN,2
APL,2
APB,2
APA,2
APG,2
APD,3
APE,2
PKBS,2
BDLC,2
JNA,2
MVPM,2
BTYA,2
JGBR,2
CKLT,2
BAJN,2
CKLA,2
BAJE,2
KADR,2
KXH,2
KXI,2
KXJ,2
MBSK,2
KXL,2
KXM,2
KXN,2
KXO,2
KXA,2
KXB,2
SEP,2
KXD,2
KXE,2
KXF,2
KXG,2
KXX,2
KXZ,2
KXP,2
KXT,2
KKLR,3
KKLU,2
KMME,2
KMMD,2
JDP,4
SEE,2
BCYN,2
PLE,2
CNKP,2
YAL,2
GOVR,2
YAD,2
CRWL,2
PYLA,2
SEL,2
SPAM,2
RMGM,2
RMGJ,2
DNKL,2
MBNR,2
KPNA,2
ANSB,2
CLI,2
CLJ,2
SDVL,2
PDW,2
BET,2
PDV,2
KLYT,2
SKGH,2
PDT,2
VCN,2
CLA,5
MMKB,2
PDP,2
WKI,2
WKA,2
MKHI,2
AIRL,2
MKHR,2
IMR,2
MDW,2
WKR,3
PDI,3
CLT,2
PDF,2
CLW,2
BRDH,2
KDTR,2
KDTY,2
BRDA,2
BRDB,2
MDU,3
MTUR,2
CLR,2
BRDT,2
BRDV,2
KDTN,2
KRPU,4
KRPR,2
KRPP,2
JWLS,2
TDLE,2
VDKS,2
KRPB,2
UMBY,2
NFKN,2
PLCJ,3
TKLN,2
ALMW,2
ALMR,2
TKLE,2
BLQR,2
TKLB,2
DMA,2
DMC,2
DMD,2
DME,2
DMF,2
DMG,2
DMH,2
DMK,2
DML,2
DMM,4
DMN,2
DMO,2
DMP,2
DMR,2
DMT,2
DMU,2
DMV,2
DMW,2
DMZ,2
BHVP,2
BSBR,2
BSBP,2
BSBY,3
MSMD,2
SABD,2
BOMN,2
PSJ,2
JLT,2
JLW,2
JLQ,2
PSO,2
PSL,2
JLR,4
PSB,2
KLJI,2
PSA,2
JLY,2
PSD,2
PSE,2
PSZ,2
JLD,2
PSX,3
JLM,2
PSS,2
NRLR,2
JLN,2
PSV,2
PST,2
HNA,2
BCN,2
BCH,2
HND,2
OMLF,2
BCK,2
BCD,2
HNH,2
HNK,2
HNM,2
HNL,2
BCB,2
HNN,2
HNS,2
HNR,2
HNU,2
BCY,2
BCT,1
BCU,2
BCP,2
BCQ,2
PRKD,2
KYSD,2
KYSB,2
SRB,2
SRC,3
SRA,2
SRF,2
NEMA,2
SRE,3
SRJ,2
SRK,2
SRI,2
SRO,2
SRL,2
JBCN,2
SRR,4
SRP,2
SRW,2
SRT,2
SRU,2
SRZ,3
SRX,2
SRY,2
NOI,2
TDK,2
NMT,2
TDH,3
TDO,2
TDN,2
NMP,3
TDL,3
KYT,2
HLX,2
NMZ,2
NMX,2
TDD,2
NMF,2
NMG,2
NMD,2
SBPY,3
NMA,1
ATUL,2
NMO,2
NML,2
TDP,2
NMJ,3
NMK,2
RNBD,2
LOA,2
LOG,2
PDKM,2
LOL,2
LOM,2
DKRA,2
LOV,2
PDKT,2
LOT,2
FHT,2
TJP,2
KTMA,2
PIGT,2
RJW,2
ALPR,2
RJU,1
RJT,6
RJS,2
RJR,2
RJQ,2
RJP,2
KGMR,2
RJY,3
NOQ,2
RJG,2
RJD,2
RJB,2
RJA,2
RJO,2
RJN,2
RJL,1
RJK,2
RJI,2
ZPL,2
DRZ,1
BMPR,1
DRQ,2
GLNA,2
DRR,2
DRU,2
DRW,2
DRV,2
DRI,2
DRH,2
DRL,2
DRO,2
JNDO,3
DRA,2
BMPL,2
ABGT,2
DRD,2
DRG,2
VVKN,2
VVKP,2
BGKT,2
KISN,2
SVHE,2
HEOC,2
NKRA,2
NDRT,2
BGKA,2
VADR,2
METR,2
GOM,2
MLC,2
BNPT,2
MNHL,2
MNHA,2
BNPA,2
GOH,2
PJH,2
MLD,2
NNNL,2
GOE,2
MLK,2
KHKT,2
GOA,2
AJU,2
CHDA,2
AHLR,2
CAPE,1
KHKN,2
CAPC,2
MPF,2
MPG,2
MPD,2
RWTB,2
MPC,2
MPA,2
AVT,2
MPO,3
MPL,2
AVP,2
MPK,2
MPH,2
AVS,2
AVL,2
MPT,2
AJK,2
AVH,2
AVK,2
AVD,2
GOY,4
AVC,3
AJN,2
JDL,2
KJGY,2
KANJ,2
ADHL,2
GOP,2
NALR,2
BDJR,2
GGAR,2
JDA,2
MFP,4
CSMA,2
MKDI,2
DEW,2
BTGH,2
KZS,2
KZQ,2
KZW,2
KZT,2
KZU,2
KZX,2
KZY,2
KZB,2
GTNR,2
KZA,2
KZE,2
KZJ,3
KZK,2
KZH,2
KZI,2
DEB,2
RKSH,1
BHKD,2
RKSN,3
BHKL,2
DEE,3
DEG,2
GOGH,2
AJRE,2
MLHA,2
SPGR,2
YGD,2
YGA,2
SOAE,2
YGM,2
YGL,2
CGKR,2
SPGL,2
SPGN,2
KPLR,2
GLTA,2
KPLL,2
KPLE,2
KPLD,2
HTZU,4
RAMP,2
RAMR,2
SKEN,2
RAMA,2
SRSL,2
VAK,2
VAH,2
VAL,2
VAA,2
VAE,2
VAY,2
VAR,2
VAS,2
VAT,2
VAU,2
EDD,2
TAPA,2
RLE,2
AIPP,2
TKND,2
TKNG,2
LMT,2
TNJR,2
TKNR,2
MTWN,2
MAUR,2
SGRP,2
SGRR,2
SGRL,2
SGRM,2
PCLI,2
SNBD,2
PCLM,2
KDRD,2
SGRD,2
SGRE,2
KDRI,2
UVD,2
MAUL,2
LMM,2
JHBN,2
LMO,2
RLT,2
ME,2
MD,2
MG,2
MA,2
MC,2
MB,5
MM,2
ML,3
MO,2
PLMD,2
RWL,3
MH,2
MK,2
RWO,2
MU,2
MT,2
MW,2
MV,3
MQ,1
MP,2
MS,2
PLMX,2
LMG,2
MY,2
MX,2
DOK,2
DOH,2
DON,2
DOL,2
DOC,2
DOA,2
DOD,2
DOE,2
DOZ,2
DOX,2
DPT,2
DOR,2
DOS,2
DOT,2
DPR,2
DPP,2
BHTR,2
BHTS,2
BHTN,2
BHTL,2
BHTK,2
BHTH,2
KWW,2
MSOD,2
BHTA,2
VINH,2
PUL,2
PUM,2
PUN,2
PUO,2
NRNR,2
PUK,2
PUD,2
PUE,2
PUF,2
JJT,2
JJR,2
PUC,2
IVL,2
JJK,2
PUY,2
PUT,2
PUU,1
PUW,2
KULH,2
PUQ,2
JJA,2
PUS,2
BAV,2
BAW,2
BAT,3
BAU,2
BAR,2
BAP,2
BAQ,2
BAZ,2
BAY,3
BAF,2
SJNP,2
BAD,2
BAE,2
BAB,2
BAA,2
BAO,2
BAL,2
BAM,2
BAJ,2
BAK,2
BAH,2
BAI,2
NZG,2
JCNR,2
KUN,2
STD,2
STE,2
STA,3
ACBD,2
STC,2
MGKM,2
STM,2
STN,3
SADL,2
SADP,2
STW,2
STP,6
STR,2
HRDR,2
PPRH,2
BNWS,2
NCP,2
NCR,2
NCU,2
NCH,2
NCJ,3
NCN,2
NCA,2
NCB,5
NCE,2
BLPE,2
NEO,2
BXLL,3
LIJ,2
FNG,2
HFZ,2
FNB,2
ROZA,3
FNO,2
CLVR,2
KTKR,2
KTKS,2
KTKH,2
KTKL,2
KTKA,2
KTKD,2
QBW,2
ACN,2
BASA,2
NEA,2
KAA,2
KAG,2
KAD,2
KAJ,2
KAI,2
RHR,2
KAO,2
KAN,3
RHW,2
RTGH,3
RHI,2
KAR,2
KAQ,2
KAP,2
KAW,2
KAV,3
KAU,2
KAT,2
RHA,3
KAY,2
RHE,2
RHG,2
MRHA,2
GPPR,2
HRSN,2
BMRN,2
MRHT,2
SXZM,2
DMNJ,2
NEP,2
CNPI,2
SVJR,2
NDPL,2
KIUL,3
NKPL,2
NDPR,2
CNPR,2
NDPU,2
ATG,2
ATE,2
ATC,2
ATA,2
ATL,2
ATM,2
ATH,2
ATW,2
DVGM,2
ATU,2
ATR,2
ATS,2
ATP,2
BNRD,2
KRBP,2
HTGR,2
MUGA,2
NNPR,2
NERI,2
NERH,2
CHJC,2
CARD,2
CFG,2
KRBA,4
KGVL,2
RGJ,2
BOTI,3
PNI,2
BDHL,2
MDPJ,2
KDMD,2
NANA,2
MDPD,2
NAND,2
MDPA,2
BDHA,2
KDMR,2
BDHY,2
MRLI,2
BDHT,2
NANR,2
MDPR,2
BDHP,2
LMNR,3
PTKP,2
PTKR,2
GTLM,2
MCLA,1
PNE,2
LDK,2
PTKC,2
PTKD,2
SJN,2
CKHS,2
GTLW,2
PDPK,2
KNLP,2
MNJR,2
KKHT,2
MEE,2
MED,2
SMSR,2
GDV,3
DEIT,2
GAYA,3
GDX,2
TMGN,2
SOGR,2
HPKA,2
DNWH,2
NVLN,2
GDA,3
SDRA,2
GDB,2
GDD,2
BIEC,2
VGL,2
JOP,2
VGN,2
VGI,2
VGE,2
GDG,3
PRG,3
PRF,2
VGT,2
SBHN,2
MKTP,2
GDM,2
KLKH,2
WWA,2
DBLA,2
SBHR,2
DBLI,2
TKHA,2
TKHE,2
FSG,2
FSP,2
HMRR,2
FSR,2
FSW,2
ASTG,2
UMNR,2
PHX,2
PRT,2
KDPS,2
KDPR,3
SNLR,2
RJJN,2
NGTN,2
KDPA,2
SGPA,2
PRP,2
PUDI,2
RUJ,4
KRTA,2
RUI,3
RUL,2
RUM,2
RUB,2
JOL,2
KRTH,2
RUG,2
BLMR,2
KRTR,2
BLMK,2
RUR,2
PRZ,2
RUT,2
JHA,2
RECH,2
DIH,2
JHD,3
JHG,2
DIE,2
JHK,2
JHJ,2
DIA,2
DIB,2
RPAR,2
JHP,2
JHS,4
RECY,2
JHT,2
JHW,2
DIT,1
MRX,2
DIW,2
DIP,2
DIQ,2
DIR,2
KCKI,2
UTA,2
VZPH,2
UTD,2
IRP,2
UTL,2
UTR,4
UTP,2
VPDA,2
MRL,2
PWU,2
PWR,2
PWS,3
EC31,2
KLVD,2
KLVA,2
PWL,2
PWK,2
NAB,2
HBL,2
BOZ,2
MRJ,4
NAD,3
HBJ,2
HBE,2
NAK,2
HBG,2
NAN,2
BOV,2
BOW,2
NAS,2
BOJ,2
BOK,2
NAW,2
BON,2
NAU,2
HBU,2
HBW,2
BOD,2
HBP,2
HBS,2
BOG,2
ILO,2
SVN,2
SVO,2
HRBR,2
SVM,2
SVK,2
SVH,2
SVI,2
SVG,2
SVD,2
SVB,2
SVC,2
SVA,2
HJN,2
SVZ,2
SVX,2
SVV,2
SVW,2
SVT,2
SVR,2
SVQ,2
PEL,2
VNRD,2
GXG,2
PEH,2
COD,2
LKN,3
LKO,4
PDGP,2
SMBX,2
LKG,2
LKD,2
FLR,2
FLU,2
MWUE,2
LKA,2
COI,3
FLK,2
LLKN,2
LKZ,2
SMBH,2
LKY,2
PDGL,3
LKT,2
LKU,4
LKR,3
FLD,3
LKQ,1
GUMA,2
GUMI,1
COL,2
GHNH,2
SNAP,2
NMDA,3
KCD,2
KCG,3
KCF,2
KCA,2
KCC,3
KCB,2
KCM,2
KCO,2
KCN,2
KCI,2
KCJ,2
KCU,2
KCT,2
KCV,2
KCP,2
KCR,2
RJMP,2
KCZ,2
DUMR,2
ABKP,1
GLBN,2
LKSH,2
ABKA,2
GLBA,2
NH,4
NI,2
NK,2
NM,2
NN,2
NB,2
DMLE,2
NG,2
PWXP,2
NR,2
NS,1
NU,2
NW,3
SVDK,1
SVDC,2
KGY,2
MHPR,2
AZK,2
AZA,2
MHPE,2
AZP,2
AZR,3
JONR,2
BNTH,2
BNTL,2
NLP,2
NLS,2
KHOH,2
TKE,2
KNWS,2
HMY,2
CATA,2
SZNR,2
CATD,2
TKA,2
CHHU,2
HMT,6
DSBP,2
TKH,2
DSBC,2
KJKD,2
BDVT,2
TKV,2
KDKN,2
MDRR,2
MDRA,2
BDVL,2
HMH,3
TKS,2
TKQ,2
JGDL,2
JMPT,2
HMA,2
CKVD,2
JRLI,2
CDGR,2
JRLE,2
TLAM,2
RVD,2
BLME,2
MAEL,2
BHOI,2
KMKD,2
SHAD,2
BSYA,2
MRBL,2
SHAN,2
CGON,2
DEOR,2
DEOS,2
LGRE,3
DNUA,2
NLNR,2
GNR,2
BMNI,2
GNQ,2
GNV,2
BRLY,2
MKB,2
KEPR,2
SDPR,2
SDPT,2
MKO,2
BIGH,2
AIT,2
SDPH,2
BIGA,2
SDPN,2
VEU,2
VER,2
AIP,2
KXK,2
VEN,2
VEL,2
VEM,2
VEK,2
VEI,2
TPTN,2
GNA,2
MKS,2
GNCN,2
AILM,2
HMPR,2
GNH,2
GNN,2
BRBR,2
BRBS,2
GNO,2
BRBL,2
MKY,2
BRBD,2
PNSD,2
PNSA,2
FGSB,2
SRWN,2
RAIR,2
SKAR,2
RSM,2
BSCK,2
RSI,2
RSJ,2
BLKR,2
RSG,2
RSA,2
KQW,2
RSC,2
RSR,2
DKW,2
DKT,2
DKU,2
DKR,2
DKS,2
DKQ,2
KALI,2
PDU,2
RPGU,2
DKY,2
DKD,2
KALS,2
DKC,2
DKN,2
DKO,2
DKM,2
DKJ,3
AAG,2
DKI,2
URD,2
NDKD,3
MAYA,2
URL,2
URN,2
URI,2
URK,2
URP,2
NDKR,2
MAYR,2
PYX,2
IPG,2
UGWE,2
IPL,2
IPM,2
IPR,1
PYI,2
PYM,2
PYA,2
PYD,2
PYG,1
NGD,2
NGE,2
HDU,2
NGG,2
HDS,2
NGA,2
NGB,2
HDP,2
NGL,2
NGM,2
NGN,2
NGO,2
NGI,2
NGT,4
HDE,2
NGW,2
NGP,4
MHOW,2
HDA,2
NGS,2
HDN,2
HDM,2
HDL,2
HDK,2
NGY,2
NGZ,2
BMB,2
BMC,2
VLNK,1
BMF,2
BMG,2
BMD,2
BME,2
BMJ,2
BMK,2
PRDH,2
BMI,2
BMN,2
BMO,2
PRDL,2
BMM,2
BMR,2
BMP,2
BMQ,2
BMT,5
BMU,2
BMZ,2
SHR,2
SHT,2
SHU,2
SHV,2
SHW,2
SHX,2
SHZ,2
SHC,3
DHPD,2
SHE,2
SHF,2
SHG,3
SHH,2
SHI,2
SHK,2
SHM,1
SHN,2
MGC,2
TBX,2
GZL,2
GZM,2
MGG,2
MGF,2
MGE,2
MGD,2
MGK,2
MGI,2
TBR,2
TBU,2
TBT,2
MGM,2
TBV,2
MGS,2
TBH,2
MGW,2
MGV,2
TBN,2
TBA,2
GZT,2
TBB,2
GZS,2
LUR,2
LNL,2
LNN,2
NNB,2
GHLU,2
RMD,2
PNVL,5
SDV,2
SGUD,1
GHLE,2
GEDE,1
KEN,2
KEM,2
KEK,2
KEJ,2
KEI,2
KEH,2
KEG,2
KEF,2
KEE,2
KED,2
KEC,2
KEB,2
KEA,2
KEZ,2
KEY,2
KEX,2
KEV,2
RMM,1
KES,2
KER,2
KEQ,2
MRDW,2
MRDP,2
DGHR,2
MRDD,2
MRDG,2
MOLK,2
MRDA,2
MRDL,2
SDD,2
DMRT,2
DMRX,2
UVSN,2
BMVR,2
DRGU,3
KTGD,2
KTGA,2
BJWS,2
DRGJ,2
DRGM,2
OTK,2
RMPB,2
OTN,2
OTD,2
RMPH,2
RMPR,2
OTP,2
OTR,2
BGMU,2
BGMR,2
AXR,2
MHRI,2
TLRA,2
MHRL,2
MHRN,2
AXK,2
YAG,2
MHRG,2
KEMA,2
HTCY,2
BNVD,2
KEMK,1
KEMR,2
GDKP,2
CTRD,2
MZU,2
MZV,2
MZW,2
MZP,2
MZQ,2
MZR,4
KHMA,2
CHNH,2
MZX,2
MZY,2
MZZ,2
CHNR,2
MZA,2
MZC,2
MZL,2
MZM,3
MZN,2
MZH,2
BKDR,2
MBNL,2
STBJ,2
JGKS,2
BOY,2
BDTS,2
KJME,2
AMNA,2
NARD,2
YADA,2
KBSH,2
PLVA,4
KBSN,2
PLVI,2
PLVR,2
CKTD,2
HRPG,2
JRNA,2
PAAL,2
TKWD,2
EKMA,2
TMKA,2
VVR,2
DEMU,2
NNR,2
KKDI,2
VVN,2
SXR,2
KKDE,3
BHMA,2
KVDU,2
BHME,2
SHGN,2
BSWD,2
SAHP,2
BSWA,2
SUDV,2
SUDR,2
LGTR,2
PMPR,2
AJTM,2
GAUR,2
PMPE,2
MLNR,2
WSA,2
HYA,2
HYB,2
WSB,2
WSE,2
WSD,2
HYG,2
UNDI,2
WSJ,3
HYL,2
HYT,2
WST,2
YVP,2
KYNT,2
OSRA,2
VKZ,2
DHMA,2
VKP,2
VKR,2
VKT,2
VKH,2
VKI,2
VKM,2
VKN,2
VKA,2
VKB,3
VKD,2
DHMZ,2
VKG,2
SBLT,2
MKPR,2
MKPT,2
SBLJ,2
AGTL,3
DCBD,2
SMYD,2
TKTB,2
AGTR,2
MTMI,2
RAKL,2
ZPR,2
SMR,4
ZPI,2
JHDC,3
ON,4
OM,2
KRHT,2
RQP,2
BWBN,2
OD,2
ALER,2
KRHA,2
OV,2
RQJ,3
SUMR,2
KANO,2
KANL,2
JDN,3
JDI,2
JDH,2
JDK,2
DEP,2
DER,2
DES,2
DET,2
DEU,2
DEV,2
JDB,2
NRDP,2
NUPR,2
DEL,2
DEO,2
JDW,2
DEC,2
KANS,2
JDR,2
FK,2
FL,4
NDIM,2
UPL,2
UPM,2
UPI,2
UPD,2
UPA,2
SNHR,2
TNJE,2
SNHT,2
UPW,2
UPR,2
MPRD,2
MDL,2
KLRS,2
KLRE,2
KLRD,2
SJDR,2
NEM,2
ACG,2
NEI,2
ACK,2
GGY,2
NED,2
ACH,2
NEC,2
ACL,2
SJDA,2
ACU,2
KOPR,2
NEW,2
NEU,2
HFG,2
BKD,2
BKG,3
CIKA,2
BKA,2
BKC,2
BKL,2
BKN,3
BKO,2
BKH,2
BKI,3
BKJ,2
PRBG,2
BKT,3
BKU,2
PRBZ,2
BKP,5
BDRL,2
PRBR,2
MDVL,2
GILL,2
KNLE,2
DHRY,2
SJS,2
SJP,2
SJQ,2
DHRR,2
GILA,2
SJT,2
SJJ,2
MDR,2
DHRJ,2
SJL,2
SJM,2
SJA,2
SJF,2
MDP,3
SJD,2
GDP,2
GDQ,2
GDR,3
GDU,2
MEC,1
GDW,2
MEM,2
GDY,2
GDZ,2
MEH,2
MEJ,3
MEU,2
MET,2
MEW,2
MEQ,2
MEP,2
MES,2
MER,2
GDI,2
GDK,2
GDL,2
MEX,2
GDN,2
GDO,1
JER,2
LWR,2
LWS,2
BBPR,2
LWJ,2
CPLE,2
CLPE,2
GJTA,2
GGTA,2
MDKD,2
MDKI,2
MDKU,2
KGQ,2
KGP,4
KGS,2
BAYD,2
KGW,2
QDN,1
KGX,2
KGZ,2
EZP,2
KGA,2
KGB,2
KGE,1
KGD,2
KGG,3
KGF,2
KGI,2
KGH,2
XSAN,2
KGM,1
KGL,2
KGN,2
CPH,3
CPJ,3
CPK,3
CPL,2
CPM,2
CPN,2
CPA,2
CPB,2
CPD,2
CPE,2
DUAN,2
CPP,2
CPQ,2
CPR,4
CPS,2
CPT,2
CPU,2
CPW,2
MONJ,2
NILE,2
DMPR,2
MMNK,2
MONR,2
DTRD,2
KTES,2
KIKA,2
RMRB,2
BGSF,2
BNHR,2
BNHL,2
KNSR,2
KNSN,2
JARI,2
CHLK,2
AWY,2
MXY,2
MXW,2
MXT,2
MXR,2
MXS,2
MXN,3
MXO,2
MXL,2
MXJ,2
MXK,2
MXH,2
PSAE,2
CHLR,2
MXA,2
PTAB,2
MQJ,2
PTAE,2
PNYA,2
MQL,2
AMSA,2
AWP,2
AMLR,2
SBD,2
BRYA,2
MDVR,2
AWM,2
KDGL,2
MDVK,3
MQR,2
KDGH,2
KDGI,2
AMLA,3
AMLO,2
BONA,2
MDVB,2
MDVE,2
AMLI,2
PLPM,2
PAGM,2
CKRD,2
BBLK,2
BSUR,2
BHCL,2
BHCH,2
ETBC,2
RGDA,2
MLPR,2
BUGY,2
BUGN,2
CRAE,2
BUGL,2
MLPM,2
MUDI,2
GNGD,2
IGTA,2
MKRA,2
MKRN,2
GNGL,2
MKRH,2
GNGT,2
GNGR,2
KRPC,2
SBM,2
OHAN,3
SHEO,2
SHER,2
BEPR,2
TYM,2
VID,2
SBNR,2
SBNM,2
TYT,2
FUT,4
CLKN,2
CLKA,2
BLGA,2
TKVR,2
BLGT,1
BLGR,2
HGY,2
GHUM,3
NFKS,3
KRJT,2
HGL,2
KRJR,2
KRJL,2
ABS,3
BVAC,2
KRJA,2
KUDL,2
KUDN,2
KAPP,2
JBR,2
KLPG,2
JBP,3
HGI,2
KLPM,2
KUDA,2
JBX,2
JBG,2
KAPE,2
KAPG,2
JBB,2
THVM,2
JBO,2
JBN,1
JBL,2
JBK,2
DGB,2
DGA,2
DGG,2
DGD,2
DGJ,2
DGI,2
DGN,2
DGO,2
DGR,2
DGS,2
DGW,2
DGT,2
DGU,2
SNJL,2
PNWN,2
UNA,2
UND,2
UNI,2
UNK,2
UNL,2
OMB,2
ITE,2
ITA,2
MZHL,2
AUWA,2
ITR,3
PRCA,2
MHKT,2
AAM,2
AAL,2
AAH,2
AAK,2
AAU,2
BVBC,3
AAP,2
AAS,2
AAR,2
LCAB,2
AAY,2
LCAE,2
BIO,2
BIM,3
BIJ,2
BIK,2
BIH,2
TRDI,1
TTPT,3
BIG,2
BID,2
BIB,2
BIC,2
BIA,2
BIZ,2
BIX,1
BIY,2
BIV,2
BIR,1
BIS,2
BIP,2
BIQ,2
SLX,2
SLY,2
SLZ,2
SLT,2
SLU,2
SLV,2
CTND,2
SLP,2
SLR,3
SLS,3
SLM,2
SLN,4
SLO,3
SLH,2
SLI,2
SLJ,2
MGSJ,3
SLD,2
KNNT,2
SLF,2
SLG,2
SLB,2
MCO,2
MCN,2
MCL,2
MCJ,2
MCI,2
TRKR,2
MCA,2
MCZ,2
MCY,2
MCV,2
MCU,2
MCS,2
MCQ,2
CKMI,2
WANI,2
MKRD,2
RDM,2
CPBH,2
DLPT,2
DLPR,2
DKDP,2
RORA,2
DKDE,2
GDHA,2
DLPH,2
MKRL,1
GUSB,2
BYXA,2
TKYR,2
STHL,2
KIZ,2
KIY,2
KIS,3
KIR,5
KIQ,2
KIP,2
KIW,2
KIV,2
KIU,2
KIT,2
KIK,1
KIJ,2
KII,2
NMBR,2
KIN,2
KIM,2
KIC,2
KIB,2
KIA,2
KIF,2
KIE,2
KID,3
CRR,2
CRP,6
CRV,2
CRW,2
CRU,2
CRX,2
CRY,2
CRC,2
CRG,2
CRD,2
CRE,2
CRJ,2
CRK,2
CRN,2
CRL,2
PR,2
PS,2
PP,4
PV,2
PW,2
PT,2
PU,2
PY,2
PB,3
PC,2
SMLG,2
PG,2
PD,2
PJ,2
PK,2
PH,2
PI,2
PN,2
PO,2
PL,2
PM,2
KTCR,2
KTCE,2
KTCH,2
SPRN,2
OPL,2
OPM,2
SPRD,3
SPRA,2
TUWA,2
DOHM,2
WRGN,2
ANDN,3
ANDI,4
BNJN,2
KURO,2
PMKT,2
JLP,2
CHRU,2
KHAI,2
JLS,2
KHAG,2
CHRG,2
JALD,2
CHRA,2
KHAR,2
CHRM,1
KHAT,2
TLGI,2
TLGP,1
TLGR,2
GTD,2
MAD,2
KDER,2
PKNS,2
JLG,2
AMBR,2
AMBH,2
PKNA,2
KSGL,2
SKVL,2
PSR,2
JLL,2
GMAN,4
DDMT,2
CDAE,2
NGDM,2
BBNH,2
HNC,3
HNG,2
GTI,2
KMQA,2
RSNR,2
BDPG,2
RGJI,2
BDPA,2
TNUE,2
BDPL,2
BDPK,3
BCA,3
CMNR,1
MSMI,2
NPMR,3
BCHR,2
KOKA,2
JTTN,2
BCHL,2
GTM,2
KYBR,2
BHAD,2
BHAL,2
BHAN,2
BSSL,2
BHAT,2
BHAW,2
SHKY,2
BHAS,2
BERO,2
BCJ,2
VOC,2
VOL,2
MPML,2
DWDI,2
CNE,2
TKPY,2
ALAI,2
ALAL,2
NTVT,2
TKPL,2
AIR,2
SYAE,2
FD,4
RSYI,2
CNI,3
MINJ,2
MINA,2
GHSR,2
KRLS,2
KRLR,3
KRLI,2
KARR,2
CIA,2
ASAR,2
KART,2
CID,2
CIK,2
LKDU,2
CIH,2
CIO,2
DXR,2
ASAF,2
CIP,2
CIV,2
KARD,2
CIT,2
KARK,2
KARH,2
KARO,2
DAD,2
DAE,2
DAG,2
DAA,2
DAB,2
DAC,2
DAL,3
DAM,2
DAN,2
DAO,2
DAH,2
DAJ,2
DAU,2
DAV,2
DAP,2
DAQ,2
DAR,2
DAS,3
DXK,2
DAZ,2
MACR,2
DXH,2
ULT,3
ULU,2
DXG,2
SNTD,2
ULN,2
ULL,2
ULM,2
ULB,2
ULA,3
ULG,2
ULD,2
SNTH,2
LDVD,2
KAYR,2
IJK,2
AGN,2
AGM,2
AGL,2
AGI,2
NYP,2
AGD,3
AGC,3
AGB,2
NYT,2
NYK,2
NYH,2
NYI,2
NYN,3
AGZ,2
AGY,2
KOTI,2
AGV,2
NYA,2
NYG,2
AGQ,2
AGP,2
BWP,2
BWR,2
BWS,2
BWT,4
BWW,2
PRNT,2
BWZ,2
PRNR,2
BWA,2
BWB,2
BWC,2
BWD,2
BWF,2
BWH,2
BWI,2
BWK,2
BWL,2
BWM,2
BWN,2
BWO,2
JWS,2
KNHN,3
KNHE,2
MSAE,2
KHBV,2
KNHP,2
CTLI,2
SNF,3
MAP,2
SND,2
MAR,2
MAU,3
SNC,2
SNA,2
MAY,2
SNO,2
SNL,3
MAZ,2
SNK,2
SNH,2
SNI,2
MAA,2
SNT,3
SNU,2
SNR,2
SNS,2
SNP,2
DGBZ,2
MAI,2
MAH,2
MAK,2
MAM,2
MAO,3
MAN,2
EVA,2
RNBT,2
LSG,2
LSD,2
LSE,2
LSN,2
GMDN,2
LSI,2
LSR,2
LSX,2
NMC,2
NMN,2
TDR,2
SLRA,3
NMM,2
KKY,2
BTVA,2
KKZ,2
KKU,2
TDW,2
KKW,2
KKV,2
KKQ,2
KKP,3
KKS,2
KKR,2
KKM,2
KKL,2
SLRP,2
SLRW,2
TDU,2
KKK,2
KKJ,2
KKD,2
NMLU,2
KKF,3
KKA,2
KKB,2
CTT,2
VAPM,2
CTW,2
SPPA,2
CTQ,2
CTR,2
CTS,2
CTZ,2
CTF,2
CTA,2
CTC,3
CTL,2
CTM,2
CTO,2
CTH,2
CTJ,2
MOBD,2
ABSA,2
SNN,2
KTAL,2
PDKN,3
ORW,2
ORR,2
BGWI,2
ORH,2
BGWD,2
ORC,2
RNV,2
SIPA,2
BNLY,2
BNLS,2
BNLW,2
MNDH,2
MNDA,2
KRJD,2
KHGR,2
KWAE,2
CHPT,2
BKNG,2
CHPD,2
BKNA,2
JBW,2
GIA,2
JRTR,2
AGMN,2
JBS,2
SNV,2
GII,2
NNGL,2
BRUD,2
DAKA,1
DAKE,2
SKTN,1
BTKP,2
AHD,2
JBD,2
BTKD,2
YSI,2
BBHL,2
MENP,2
AHL,2
BBHT,2
JSRD,2
RPRD,2
RPRL,2
MHBZ,2
VJ,2
SUBR,2
AHU,2
CDBH,2
SUBL,2
BOBS,2
MLTR,2
AJNI,2
VT,2
SNQ,2
PGTN,1
TADA,2
TSK,2
JTRD,2
TSI,3
TSF,2
DHKR,2
KMSD,2
KMSI,2
BHGJ,1
SWAR,2
BHGN,2
BHGP,2
KMST,2
TSA,2
SHIV,2
BSQP,2
TUX,2
TUY,2
VML,2
GUR,2
TUP,2
TUR,2
TUV,2
VMA,2
TUH,2
TUJ,2
TUL,2
TUN,2
TUA,2
VMU,3
TUD,2
VMP,2
TUG,2
KRND,2
KGBS,2
KRNI,2
KRNH,2
KRNN,2
BLCA,2
KRNR,2
KRNU,2
KRNT,2
GIR,2
TKRA,2
RSWN,2
SMWA,2
TKRI,2
TSS,2
TKRP,2
TKRU,2
FYZ,2
MILA,2
PBJM,2
CTMP,2
QSR,2
QG,2
CKE,2
PAQ,2
PAR,2
PAS,2
CKA,2
PAU,3
PAV,2
CKB,2
PAX,2
PAY,2
KATR,2
CKN,2
CKI,2
CKH,2
CKK,2
NRZB,2
KATI,2
PAB,2
BMPT,2
PAD,2
CKP,2
CKS,2
CKR,2
ASCE,2
KATA,2
KATB,2
PAK,3
PAL,2
RHNE,2
PAN,2
PAO,2
JNUK,2
DCK,3
DCH,2
BMCK,2
GPAE,2
PERN,2
DCA,2
VYA,2
DCX,2
RNIS,2
DCU,2
DRS,2
DCP,2
SGNR,3
UJP,2
MAAR,2
SNVL,2
DRRN,2
UJH,2
MORA,3
SGND,2
UJA,2
IHP,2
MIQ,2
GBG,2
GBD,2
GBE,2
GBB,2
GBA,2
GBN,2
AEX,2
DRN,2
GBK,2
GKPI,2
AED,2
GBP,2
GBQ,2
AEH,2
AEK,2
AEJ,2
AEL,2
GBX,2
GKPE,2
GDPL,2
BUX,2
DRB,2
BUR,2
BUS,2
BUP,2
BUQ,2
BUW,3
BUT,2
THAN,2
BUJ,2
BUH,2
BUI,2
BUL,2
BUM,2
BUB,2
GDPT,2
BUA,2
BUF,2
BUG,2
BUD,2
BUE,2
KPXR,2
DAVJ,2
KNJI,2
KNJJ,2
KZC,2
MOZ,2
MOY,2
MOX,2
MOR,2
POKL,2
MOP,2
MOW,2
MOU,2
MOT,2
MOJ,2
MOI,2
MOO,2
MON,2
MOM,2
MOL,2
SAPT,2
MOB,2
MOA,2
MOG,2
MOF,2
SAPR,2
MOD,2
ETR,2
ETP,2
KMD,2
KMC,2
ETW,2
KMA,2
KMN,1
KMM,2
KML,2
KMK,2
KMJ,2
KMI,2
KMH,2
KMV,2
KMU,2
KMT,2
KMS,2
KMQ,2
KMP,2
ETK,2
KMZ,3
ETM,2
BLND,2
SSRH,2
GAR,2
ALLP,2
SLPM,2
BTTN,2
BTTR,2
GELA,2
BAGA,2
BAGD,2
BAGJ,2
SLPR,2
BAGL,2
TMPM,2
BGUA,2
CVV,2
TBMS,2
CVR,2
SPVM,2
VARD,2
CVJ,2
CVD,2
CVB,2
ATKS,2
RGSR,1
Y,2
LNWT,3
BIF,2
CNDB,2
BJBA,2
CNDM,2
KIAT,2
BKLE,2
WDA,2
SIHO,2
BKLA,2
WDG,2
GRBH,2
WDJ,2
WDL,2
GRBL,2
WDN,2
WDR,2
WDS,2
PJPT,2
PJPR,2
KOTT,2
JNJ,3
KPCM,2
KWGN,2
MMVR,2
KHED,2
GAG,3
PAIL,2
RDRA,2
DPUR,2
TLKH,2
KNNK,2
CXA,2
BENL,2
SKRI,2
SLW,2
SRBA,2
SRBR,2
CDMR,2
BTIA,2
BTIC,2
BTIB,2
LRJC,3
AJLE,3
CKU,2
KLGM,2
KLGN,2
HPGM,2
REPI,2
DEEG,2
KVLS,2
KVLR,2
JSPN,2
JSPR,2
BRWD,2
KDAG,2
BRWH,2
MWE,2
SULH,2
RGNH,2
NAZJ,2
TWB,2
TWG,2
MWK,2
TWI,2
TABU,2
UNLA,2
IGRL,2
GNRL,2
VEER,2
MHTR,2
JMX,2
BHET,2
VST,2
VSU,2
PPCK,2
VSW,3
PTH,2
VSD,2
VSG,1
VSH,2
PTE,2
EOC,2
BLAX,2
RYL,2
RYM,2
HCNR,2
RYC,2
JMT,2
DH,1
RYT,2
NGRT,2
BLAE,2
RYS,2
RYP,2
BWSN,2
SMQL,2
STKT,2
NLKR,2
NMUE,2
JMG,2
JJKR,2
RASP,2
NGRD,2
PCZ,2
PCX,2
CMK,2
CMJ,2
PCR,2
PCP,2
PCQ,2
PCV,2
PCW,2
PCT,2
MRWS,2
PCK,2
PCH,2
PCN,2
CMZ,2
PCL,2
CMX,2
CMW,2
PCC,2
CMU,2
CMR,2
CMP,2
RPMY,2
KAVM,2
KAVR,2
CHDX,2
VONB,2
SNPR,2
DRPH,2
SNPH,2
NDAE,2
UKLR,2
SGLA,2
UHL,2
SGLM,2
INP,2
OKA,3
UHR,2
OKD,2
UHP,2
INK,2
GLH,2
GLI,2
AKY,2
AKS,2
AKR,2
AKP,2
AKW,2
AKV,3
AKU,2
AKT,2
AKK,2
AKJ,2
AKI,2
AKN,2
AKM,2
GLP,2
GLU,2
GLV,2
AKD,2
BSX,2
CBBH,2
BSZ,2
NSRH,2
BST,2
BSW,2
BSP,3
BSQ,2
BSR,3
BSS,2
BSL,3
BSM,2
BSN,2
BSI,2
BSJ,2
BSD,2
GSGB,2
BSA,2
BSB,4
VNR,2
KNDV,2
CTHR,2
KNDS,2
CTHT,2
KNDP,2
KNDL,2
KNDI,2
KNDG,2
SBR,2
SBS,2
SBP,2
51PBE,1
SBW,2
SBT,3
MMZ,2
SBZ,2
SBY,2
MMP,2
MMS,2
MMR,3
MMM,2
MML,2
MMH,2
MMK,2
SBE,2
MME,2
MMD,2
SBH,2
SBI,4
MMA,2
SBO,2
SBL,2
MMB,2
KOI,2
KOK,3
KOJ,2
KOL,2
KOO,4
KON,2
KOA,2
MPJ,2
KOG,2
KOF,2
KOY,2
KOX,2
WADO,2
WADI,3
ERC,2
ERL,2
KOP,1
ERN,2
MPI,2
KOU,2
KOV,2
BWNU,2
MDCR,2
AVN,2
TFGN,2
MWAD,2
LLGM,2
BWND,2
MPR,2
CPDR,2
NRPM,2
VLDE,2
VLDR,2
BTRI,4
BTRO,2
BTRA,3
BAAR,2
QLN,3
NRPD,2
QLM,2
SLNA,2
QLD,2
MPY,2
GWCN,2
TMVL,2
DNDI,2
DNDL,2
PGK,2
DYS,2
RT,2
RU,4
RV,2
RW,2
RR,2
RS,3
RY,2
RD,2
RE,6
RF,2
RG,2
RA,2
RC,3
RM,2
RN,2
RJ,2
RK,2
DKBJ,2
DYE,2
BJLP,2
SUT,2
BUPH,2
LGCE,2
CHTI,3
CHTL,2
WFD,3
SLTH,2
GNPT,2
CHTT,2
ANNR,2
ANND,4
SHRD,3
BEML,2
PRM,2
NIDI,2
NBR,2
TLMR,2
PTYR,2
DDCE,2
TLMD,2
DDCL,2
TEG,2
JRPD,2
SKPT,2
SKPR,2
SKPA,2
SRDW,2
NBA,2
SKPI,2
KZJT,5
TET,2
KZJE,3
KZJF,3
MULK,2
JYP,2
NGNT,4
HDGR,2
JYG,1
AUBR,2
BBDE,2
JYM,2
NGNC,3
BBDA,3
RENH,2
KSAE,2
AMDI,2
SUNR,2
CMDP,2
RGLI,2
KSAR,2
SUNM,2
MRYA,2
XGN,2
DRTP,2
TQA,2
TQL,2
TQM,2
TQN,2
PRV,2
TQR,2
MIL,2
HSA,2
GHR,2
HSD,2
HSK,2
HSI,2
HSL,2
HSM,2
HSR,4
HSP,2
HSQ,2
HSX,1
HSY,2
MJBK,2
BDYR,2
KVNJ,2
SHMI,2
KKT,2
MJBT,2
SYC,2
HRSB,4
SYA,2
SYF,2
SYE,2
GHE,2
SYK,2
SYJ,2
PPEA,2
SYH,2
SYO,2
SYN,2
SYM,2
SYL,2
HRSR,2
SYQ,2
SYW,2
SYU,2
SYZ,2
JNNA,2
VQD,2
GHA,2
RGP,2
RGQ,2
RGS,6
RGT,2
RGU,2
RGV,1
KRBR,2
RGX,3
KGFR,2
RGA,2
RGB,3
RGD,1
RGG,2
RGH,2
RGI,2
KRBO,2
RGL,2
RGM,2
RGO,2
LDA,2
LDE,2
LDD,2
PDPH,3
MIU,2
LDH,4
PDPL,3
LDM,2
LDR,2
PDPR,2
LDP,2
LDW,2
GHJ,2
LDU,2
LDY,2
LDX,2
VUL,2
SMRR,2
ULTL,2
AON,2
COR,3
ILA,2
PEU,2
PEW,2
PEP,3
PER,2
PES,2
COA,1
PEM,2
PEN,2
COB,2
COE,2
PEI,2
PED,2
PEE,3
COM,2
PEA,2
COO,2
PEC,2
BMGR,2
LKBL,2
OKHA,1
BMGA,2
BMGN,2
BMGM,2
MTGE,2
SNRA,2
SNRD,2
SGBJ,2
TELY,2
NDGJ,2
SNRL,2
SNRP,2
SNRR,2
OEL,2
TELI,2
JRC,5
OEA,2
TELO,2
MKG,2
GNS,2
GNP,2
MKD,2
MKC,4
GNW,2
MKA,4
GNU,2
GNZ,2
MKN,2
MKM,1
MKL,2
MKK,2
MKJ,2
MKH,2
GNB,2
GNC,2
MKU,2
MKT,2
AII,4
GNG,2
GND,3
MKP,3
GNJ,2
AIG,2
AIA,2
MKZ,2
GNL,2
MKX,2
NSI,2
NSL,2
NSN,2
NSO,2
NSA,2
NSD,2
MNSR,2
ORKI,2
NSX,2
NSZ,2
RNTE,2
NSP,2
RNTL,2
NSU,2
DMCA,2
HJLI,2
SDT,2
PALI,2
SATR,2
SDS,2
SDY,2
SDZ,2
TBAE,2
SDE,2
SDF,2
SDG,2
SDB,2
SDC,2
SDL,2
SDM,2
SDN,2
SDH,2
SDI,2
DKZ,4
KQS,4
KQR,2
KQQ,2
PARD,2
RTWS,2
KQV,2
KQU,1
KQT,2
KQZ,1
KQY,2
EPR,2
PARH,2
KQA,2
KQE,2
KQD,2
KQK,2
KQI,2
BHKH,2
KQN,2
KQL,2
RKD,2
LYD,2
DSME,2
NTDM,2
BQF,2
BQG,2
BQE,2
BQA,2
BQN,2
BQM,2
BQH,2
BQI,2
BQW,2
BQT,2
BQU,3
TIHU,2
BQP,2
BQQ,2
BQZ,2
BQY,2
MABD,2
BYPL,5
BTPD,2
BTPH,2
URML,2
BURN,2
MABN,2
URMA,2
BOYA,2
IKR,2
NCPM,2
BDGN,2
BDGM,2
HBLN,2
DKE,2
BDGP,2
DKLU,2
BJNR,2
PAPM,2
GNRD,2
GRNA,2
BKHR,2
JADR,2
SILO,2
KPGM,2
J,2
BAMA,2
AKOR,2
AKOT,2
KMDR,2
PTF,2
KWKC,2
LRNC,3
KRYA,2
GEA,2
KRYR,2
NLRD,3
RSNA,2
TKEC,2
KSK,2
BNBH,2
BLDA,2
SZH,2
AWPR,2
BNBR,2
DHBI,2
JWP,2
DZKT,2
JWK,2
JWL,2
JWN,2
JWO,2
CRKR,2
JWB,2
NGLT,2
HRNG,2
KCYN,2
BDXX,2
BRSA,2
BDXT,2
BRSQ,2
SSKA,2
BRST,2
GUB,2
TSL,2
GUG,2
MYKR,2
MPUR,2
GUD,2
GUK,2
GUJ,2
GUH,2
GUL,2
GUS,2
MPUE,2
GUP,2
GUV,1
DWLE,2
GUZ,2
GUX,2
TSR,2
LPTA,2
HNMN,2
NSKL,2
PGRL,2
HUK,2
HUP,2
JTW,2
HLDR,2
BSKR,2
BSKH,2
TISI,2
MSTH,2
BSKN,2
BSKO,2
DHAE,2
MKR,2
VWP,2
JTO,2
DHAT,2
TPKR,2
VWA,2
EKN,2
EKM,2
EKL,2
JTK,2
EKI,3
EKH,2
RES,2
REP,2
EKC,2
RET,2
REJ,2
REI,2
REN,2
REM,2
KRDH,2
EKR,2
KRDL,1
LFG,2
IMLI,2
PDRD,2
SDBH,2
SZ,2
SY,2
SS,2
SR,2
SP,2
SW,2
SV,3
ST,2
SK,2
SI,2
SN,2
SM,2
SL,2
SC,5
SB,2
SA,7
SG,2
SF,2
SE,2
SD,3
CAZ,2
IBL,2
CAS,2
CAR,3
CAP,3
CAT,2
CAJ,2
CAI,2
CAO,2
CAN,2
CAM,2
CAA,2
CAG,2
CAF,2
PGG,2
PGC,2
PGA,2
MRSH,2
PGL,2
DYW,2
DYP,2
NRPA,2
PGI,2
PGW,2
PGT,3
PGU,2
PGR,2
PGP,2
DYK,2
DYD,2
INCI,2
PGZ,2
NRPR,2
SOA,2
LHL,2
MWRN,2
MYHT,2
SOD,2
UDR,2
MAKM,2
PNME,2
NBQY,2
MAKH,2
UDZ,3
UDX,2
OGM,2
OGL,2
SOH,2
UDK,2
UDN,3
MAKR,4
UDL,3
UDM,2
GHT,2
MIH,2
MIK,2
MIJ,2
MIM,2
GHQ,2
MIO,2
MIN,2
MIA,2
GHX,2
MID,2
MIG,2
MBA,3
GHD,3
MIX,3
GHG,2
MBB,2
GHB,2
GHL,2
GHN,2
MIR,2
GHH,2
MIW,2
NQR,2
SOQ,2
NSVP,2
OREH,2
RIBP,2
GAM,3
GAL,2
NQH,2
SOT,2
GAI,2
SOY,2
MBV,2
GAD,1
SFZ,2
SFX,2
SFY,2
SFW,2
SFR,2
NPJE,2
SFM,2
SFK,2
SFH,2
SFF,2
SFG,2
SFE,2
SFC,2
SFA,2
KSU,2
KSW,2
KSV,2
KSQ,2
KSP,2
KSR,2
KSY,2
KSX,3
KSE,2
KSD,2
KSG,3
KSF,2
KSA,2
KSC,2
KSB,2
KSM,2
KSO,2
KSN,2
KSI,2
KSH,2
BAMR,2
KSJ,2
ENBG,2
SLJR,2
SVTN,2
BUTA,2
CNBI,3
SPHL,2
MLAR,2
NGWN,2
DIC,2
JSGR,2
DKNT,2
RXL,2
MDGR,3
BH,2
JNSC,2
ARNA,2
ARNG,2
ARNH,2
TLS,2
MMPL,2
TLR,2
GRHX,2
SINI,3
GNTR,2
MMPR,2
GRHM,2
SINA,2
GTF,2
TLZ,2
VTK,2
GTK,2
GTL,5
BEAS,2
SNBR,2
AKAT,2
VTP,2
ATMO,2
GTU,2
DPSR,2
GTW,2
SEGM,2
DDGJ,2
GTY,2
NLPD,3
KDRA,2
RSLR,2
BNDP,2
ANJE,2
BNDA,2
BNDI,2
BNDM,4
SGRA,2
JWKA,2
KLAT,2
KLAR,2
GAW,2
KLAD,2
MUHI,2
JUC,4
NGJA,2
JUA,2
JUD,2
JUK,2
JUL,5
JUR,2
JUP,2
BRMR,2
BRMP,1
MRIJ,1
RJGR,3
BRMD,2
KSMB,2
BRMO,2
BRML,1
SSIA,2
BMSB,2
SUJH,2
LDCY,2
SUJR,2
TMP,2
TMQ,2
TMR,3
TMS,2
TMT,2
TMU,2
TMV,2
TMX,2
GWL,4
TMZ,3
GWH,2
TMA,2
TMC,2
TMD,2
TME,2
GWS,2
DWNA,2
NJB,2
KOAA,2
HWH,3
DSB,5
DBRG,2
RNKA,2
NJN,2
NJM,2
NJP,3
HWX,2
NJT,2
DBRT,1
TALL,3
HWT,2
HNSL,2
HWR,2
RWA,2
MJNL,2
DPDP,2
BY,4
SAKA,2
RWH,2
KHF,2
RWJ,2
MN,2
KRRI,2
RCP,2
KGVE,2
RCJ,2
RCD,2
RCF,2
MJ,5
RCA,2
STUR,2
FAR,2
FAP,2
LLPR,2
NAVI,2
FAH,2
FAN,2
LEDO,1
MR,2
UCR,3
BIWK,2
RAYA,2
PURI,1
CCT,2
CCL,2
CCO,2
CCI,2
BGBR,2
CCK,2
CCD,2
CCA,2
PIH,2
PIJ,2
PIL,2
PIO,2
PIA,2
PIC,2
KOWN,2
BMKJ,2
PIZ,2
BMKI,2
PIP,2
ASKN,2
PIT,1
BMKD,2
SGAC,2
BVQ,2
PRAR,2
DKUR,2
EC14,2
UBR,2
PNCB,2
DOY,2
UBC,2
UBL,3
SISM,2
MWR,2
MWQ,2
SISN,2
MWW,2
DGLE,2
MWT,2
MWZ,2
MWY,2
MWX,2
GJR,2
GJS,2
GJN,2
GJL,3
MWG,2
MWF,2
GJH,2
MWD,2
RCGT,2
MWJ,2
GJD,2
MWH,2
MWM,2
AMI,1
NWU,2
NWP,2
AML,2
GKHT,2
AMA,2
AMC,2
AMB,2
AME,2
AMD,2
AMG,3
AMY,2
AMX,2
PJGM,2
NWA,3
NWB,2
NWC,2
AMQ,2
AMP,2
AMS,2
HML,2
AMT,2
AMW,2
UJN,3
DMGN,2
TJD,2
KHRY,2
KHRS,2
KCNR,2
KHRK,2
KHRJ,2
KHRI,2
KHRA,2
SLHA,2
KUY,2
KUX,2
KUW,2
KUV,2
KUU,2
KUT,2
KUR,3
KUQ,2
KUP,2
VKDH,2
KUM,2
KUL,2
KUK,2
KUI,2
KUH,2
KUG,2
KUF,2
KUE,2
KUD,2
HSRA,2
KUB,2
KUA,2
VTDI,2
VRPD,2
PRTP,2
TRPL,2
MNWL,2
AADR,1
HMI,2
TTLA,2
PRTL,2
IDGJ,3
IDGH,2
GOLE,2
CRPM,2
YNG,2
MUUA,2
YNA,2
HPRD,2
TY,2
TT,2
TU,2
TR,2
TP,2
TN,1
TO,2
TL,2
TJ,3
TK,2
TH,2
TI,2
TB,2
TA,2
AA,2
AB,2
AE,2
AD,2
AG,2
AF,2
AI,2
AH,3
AK,4
AJ,2
AL,2
AO,2
AN,2
AP,2
AS,2
AT,2
AV,2
AY,4
BDCR,2
AZ,2
RRME,2
BNQL,2
GNVR,2
BKTS,2
WLH,2
BKTL,2
BKTH,2
GRJA,2
WLA,2
BKTB,2
DODH,2
APRD,2
DUSI,2
ETUE,2
DZP,2
PUG,2
BLTR,2
PUA,2
JJP,3
UMYD,2
PTWA,2
PUX,2
KPKI,2
KPKD,2
HAUR,2
JJG,2
SRJM,2
SRJN,2
RUPC,2
SKZR,2
PUMU,2
CGTA,3
SHRM,2
KLOD,2
MZGI,2
CROA,2
JSD,2
JSE,2
JSG,3
JSA,2
JSB,2
JSC,2
JSL,2
JSM,1
JSH,2
JSI,2
JSV,2
JSP,2
JSR,2
HLDD,2
NGHW,2
RJAP,2
BROR,2
RJAK,2
BPHB,2
PKRH,2
SSGJ,2
KDYA,2
IGL,2
CMBR,2
PPKD,2
GQL,3
TOS,2
TOU,2
TOK,2
TOI,2
TOM,2
TOD,2
HIP,2
HIR,2
NHF,2
NHB,2
NHM,2
NHN,2
NHH,2
NHK,2
NHU,2
NHT,3
NHS,2
ATNR,2
HIH,2
HIJ,3
HIL,2
NHX,2
KVTA,2
BSGN,2
BSGD,2
MGDR,2
BSGR,2
SAMT,2
EGU,2
EGT,2
PDNR,2
RAG,2
LBT,2
LBW,2
RAA,2
RAL,1
RAM,2
RAJ,1
RAK,2
FGR,2
RAI,2
LBA,2
RAU,2
FGH,2
LBD,2
STSN,2
LBH,4
ALUR,2
LBN,2
BFF,2
BFE,2
BFD,2
GSRM,2
BFN,2
BFM,2
BFS,2
BFR,2
JTHT,3
BFP,2
BFW,2
BFV,2
BFT,2
BFZ,2
BFY,2
BFX,2
GHGL,2
SDNR,2
FRDH,2
OCH,2
NBUE,2
URPR,2
OCR,2
PKR,2
PKQ,2
STB,1
PKU,3
PKZ,2
CEM,2
CEL,2
PKB,2
STL,2
CEU,2
PKA,3
PKF,2
PKD,3
PKE,2
PKK,2
PKO,2
PKL,2
PKM,2
DKWA,2
ASJP,2
KTRA,2
XSAD,2
KTRD,4
SGDV,2
KTRH,2
SGDP,2
KTRR,2
SGDM,2
DRHI,2
MUU,2
DGNH,2
MUW,2
MUV,2
CHAF,2
MUP,2
MUR,3
KHPL,2
CHAH,2
KHPI,1
NEUA,2
MUZ,2
CHAR,2
MUD,2
MUG,2
MUA,2
MUC,2
MUM,2
MUO,2
DGNR,2
MUH,2
MUK,2
ASR,4
ASP,2
ASV,4
AST,2
NUR,2
NUQ,2
ASB,2
NUJ,2
NUH,2
ASD,2
ASK,3
ORAI,2
ASI,2
ASH,2
ASO,2
ASN,3
ASL,2
DUH,2
DUI,4
DUJ,2
DUK,2
DUM,2
DUN,2
DUO,2
DUA,2
DUB,2
DUD,2
DUE,2
BMMP,2
R,3
DUP,2
DUQ,2
DUR,2
DUT,2
DUU,2
THDR,2
PHWR,2
SRM,2
VLYN,2
PAVP,2
KCLA,2
PATR,2
JOBA,2
PATA,2
PRND,2
GTKD,2
PATM,2
PATL,2
PTLD,2
KWC,2
KWB,2
KWE,3
KWD,2
KWI,2
KWH,2
KWJ,2
KWM,2
PTLI,2
KWO,4
KWN,2
KWP,2
KWR,2
KWT,2
PTLR,2
KWV,4
AABH,2
TRVZ,2
MEKM,2
DJHR,2
MNUR,2
BYNR,2
SVPR,2
IDAR,2
YLG,2
LIG,3
PYOL,2
RMBG,2
YLM,2
LNMA,2
YLK,2
SVPM,2
SPLE,2
DEPI,2
LIN,2
KSTA,2
KSTE,2
KSTH,2
DKJR,2
BDAG,4
JUYA,2
LIR,2
MHO,2
KWMD,2
BKRH,2
BKRO,2
BKRL,2
MMLN,2
BPC,2
BKRD,2
WNG,2
WND,2
APTA,2
MHC,2
KMBL,2
BRMX,2
KMBH,2
CDSL,2
GKC,3
GKB,2
BLRD,3
BLRE,2
AGAE,2
BLRG,2
BLRI,2
AGAS,2
BLRR,3
GKG,2
CII,2
ANVT,1
ANVR,2
ANF,2
NVT,2
RMJK,2
BILD,2
ORDI,2
BILA,2
NVP,2
CCRL,2
RURA,2
BBSL,2
YSPM,2
KLMR,2
KLMJ,2
RTA,3
KLMC,3
ANK,3
KLMG,2
PPC,2
NVG,2
PPA,2
PPG,2
PPF,2
PPE,2
PPD,2
PPK,2
PPJ,2
PPI,2
PPH,2
PPO,2
PPN,2
PPM,2
PPS,2
PPR,2
NVD,2
PPW,2
PPU,2
PPT,2
PPZ,2
PPY,2
NVA,1
BMAE,2
MTPR,2
KSIH,2
MTPC,2
NVL,2
TNGR,2
SJGH,2
SNGN,2
SNGR,2
SNGP,2
SGYW,2
TNGL,2
BD,4
BE,5
BF,2
BG,2
BA,2
GSW,2
GWD,3
BL,2
TIU,2
BN,3
TIW,2
TIP,2
TIR,2
BK,2
BT,2
BU,2
BV,2
BW,2
BP,2
GSD,2
BR,2
TIK,2
GSI,2
VYK,2
TIG,3
VYN,2
GSL,2
BZ,2
TIC,2
NNO,2
NNN,2
NNM,2
NNL,2
HKR,2
HKP,2
THPR,2
NNA,2
GWM,2
HKH,2
HKL,2
NNX,2
NNW,2
NNU,2
HKG,2
SJKL,2
NNP,4
SQZ,2
SQS,2
SQR,2
SQQ,2
SQW,2
BHSA,3
GWV,2
SQN,2
GZKA,2
SQF,2
MSRP,2
SQD,2
KAH,2
BATM,2
BATL,2
TMH,2
BATS,2
KAL,2
ROI,2
ROK,3
ROL,2
ROA,2
ROB,2
LLU,2
LLJ,2
LLI,2
LLH,2
ROP,3
KMHT,2
ROS,2
ROU,3
LLD,2
BDC,4
BDB,1
BDM,2
BDL,2
BDO,2
RHN,2
BDI,2
BDH,2
BDK,2
BDJ,2
BDU,2
BDT,2
BDW,2
BDQ,2
PNUG,2
BDY,2
BDZ,2
GHER,2
SDLP,3
UR,2
UM,2
BISH,2
UJ,2
UD,2
UA,2
SDLK,2
UB,2
DING,2
MMY,2
IDR,2
IDS,2
IDP,2
IDL,2
IDM,2
IDJ,2
IDH,4
IDG,2
CGI,2
PMU,2
SNTL,2
PMP,2
CGL,3
CGO,2
PMS,2
CGA,2
NRVR,2
PMY,2
CGF,2
CGY,2
PMB,2
PML,2
PMM,2
CGS,2
PMO,2
PMH,2
PMI,2
PMK,2
PGN,2
UGNA,2
SMKR,3
SMKT,2
PNGR,2
KTPK,2
PNGI,2
KTPR,2
DRE,2
MSZ,2
DGPP,2
MSW,2
MSV,2
MSU,2
MST,2
MSS,2
MSR,2
MSQ,2
MSP,2
MSO,2
MSN,2
MSL,3
MSK,2
MSH,8
MSE,2
MSD,2
MSC,2
MSB,1
DGPI,2
AQG,3
KAOT,2
KRP,2
DWR,2
DWP,2
DWV,2
DWT,2
DWZ,2
DWX,3
DWA,2
KRT,2
DWD,2
DWJ,2
DWK,2
DWI,2
DWO,2
DWL,2
DWM,2
WR02,2
WR01,2
DGHL,2
BAKT,2
BAKL,2
NYY,2
CKOD,2
ODHA,2
BAKA,1
KYJ,3
KYI,2
KYH,3
KYO,2
KYN,4
KYM,2
KYA,2
KYG,2
KYF,2
KYE,2
BALR,2
PTNR,5
KYZ,2
KYX,2
KYS,2
KYR,2
KYQ,3
KYP,2
KYW,2
KYV,2
RTP,2
BYY,2
127BJRI,1
KOTR,2
BYT,2
RTR,2
BYR,2
BYS,2
BYP,2
BYQ,2
BYN,2
BYO,2
BYL,2
AGA,2
BYH,2
MNKN,2
BYC,2
PRPM,2
PPLI,2
BYHA,2
NYO,2
MLGT,2
SVRP,2
NYM,2
MLGH,2
CNHL,2
AGT,2
SPBG,2
AGR,2
KOTA,3
JKI,2
KSRK,2
KSRA,2
NCHS,2
NAKD,2
BWX,2
VBH,2
VBL,3
VBR,2
VBW,2
VBU,2
NOLI,2
JLLO,2
DBKA,2
WHM,2
KMGE,2
BKPR,2
BKPT,2
DGHA,1
KMLP,2
KMLR,2
KMLM,2
KMLI,2
ETYD,2
PRNG,2
PRNA,2
UMRI,2
MVLK,2
AGCI,2
RCG,2
TKMY,2
GFAE,2
GP,2
TLV,3
UMED,2
PTSC,2
BLPU,2
BLPR,2
ANTU,3
SRNK,1
BINA,4
SRNR,2
SRNT,2
BINR,2
VRBD,2
PRE,2
JOQ,2
JOR,2
JOS,2
KLKD,2
PRB,2
JOX,2
PRL,2
PRN,2
PRI,2
PRH,2
PRK,2
PRJ,2
PRU,3
JOA,2
JOB,2
JOC,3
TLHR,1
PRR,3
JOH,2
NGTG,2
JOK,2
PRY,2
JOM,2
JON,2
JOO,2
MAQ,2
MAS,2
SNE,2
ACLE,2
BRKA,3
AMRO,2
MTRA,2
BRKD,2
BRKH,2
SUPR,2
MAV,2
SNAD,2
ATT,1
RJMA,2
NWOC,2
BRKP,2
CBSA,2
BRKY,2
SNAR,2
PCKM,2
SNM,2
GDGN,2
VNUP,3
CHCR,2
NLQ,2
TKG,2
TKD,2
NLR,2
TKB,3
TKC,2
HMZ,2
NLV,2
TKN,2
TKO,2
HMP,2
HMQ,2
HMR,2
TKI,2
NLA,2
TKW,2
TKT,2
TKU,2
NLE,2
NLD,2
TKP,2
HMK,2
NLI,2
HME,2
HMG,2
NLL,2
HMB,2
NLN,2
DLC,2
DLB,2
DLA,2
DLF,2
DLD,2
DLK,2
DLJ,3
DLI,4
MAF,2
DLO,2
DLN,3
DLR,2
DLQ,2
DLP,2
DLW,2
DLV,2
DLZ,2
DLX,2
BSCP,2
CTYL,2
MJHL,2
SSZ,2
SSU,2
SNZ,2
SSW,2
SSV,2
SSR,2
SSM,2
SSL,2
SSN,2
SNX,2
SSD,2
SSG,2
MJHR,2
SSA,2
SSB,2
BSRA,2
ULNR,2
TLB,2
RMR,1
KLWD,2
RMP,2
RMQ,2
RMV,2
RMW,2
RMT,2
RMU,3
RMZ,2
LNT,2
LNW,2
RMY,2
LNQ,2
LNP,2
LNS,2
LNR,2
RMB,2
RMC,2
LNO,2
RMA,2
RMF,2
LNH,2
LNK,3
LNJ,2
RMJ,2
RMH,2
KGLE,2
RMN,2
RMO,2
RML,2
KUMB,2
BBO,2
BBN,1
BBM,2
BBL,2
BBK,3
BBJ,2
JTDM,2
BBE,2
BBD,2
BBC,2
BBA,2
BBY,2
BBW,2
BBV,2
BBU,2
BBT,2
BBS,2
KUMM,2
BBQ,3
JKA,2
BGDS,2
DRLA,2
BGDI,2
POZ,2
POX,2
POT,2
POU,2
POR,2
PON,2
POO,2
POL,2
POM,2
POK,1
POI,2
POF,2
CYI,2
CYN,2
POA,2
FKM,3
GMDA,2
FKA,3
FKB,2
FKG,3
SMET,2
TTI,2
KTNI,2
KHTN,2
VLE,2
DTRA,2
KHTG,2
MPLR,2
AHMP,2
KHTX,2
VLG,2
KCHV,2
KHTU,2
MQA,2
MQC,2
VMLD,2
MQE,2
MQG,2
AWT,2
AWS,2
AWR,3
MQO,2
MQN,2
MQQ,2
MQS,2
AWL,2
MQU,2
AWH,2
AWG,2
MQX,2
MQZ,2
AWB,2
DQV,2
DQR,2
JNCV,2
DQG,2
TTB,2
DQL,2
DQN,2
CCH,2
OBVP,2
JAO,2
SLBN,2
LOHA,2
PTHD,2
VRVL,2
MHUL,2
KPRD,2
GDBR,2
MHUA,2
KPRR,2
MHUR,2
ASKR,2
SWI,2
BJPR,2
BJPL,2
LTMD,2
SWM,3
MGLE,2
DNHL,2
DNHK,2
HPHI,2
CK,2
CJ,2
CI,3
CH,3
KSPR,2
CM,2
CC,2
DB,1
CE,2
SWD,2
CX,2
PKEO,2
CS,2
ADIJ,1
CW,2
CV,2
CU,2
CT,3
BDME,1
BDMA,2
SLRD,2
BDMJ,2
VKNR,2
SWQ,2
SIPR,2
SWU,2
SWT,2
KKN,2
SBGR,2
GADJ,2
KKI,2
WJR,2
BDHN,1
VB,2
VD,2
VG,4
KMNR,2
VI,2
KMNP,2
VK,2
VL,2
VM,5
VN,2
VO,2
VP,2
VR,2
VS,2
KMNN,2
VU,2
VV,2
KMNC,2
VZ,2
KKG,2
KMND,2
KKMB,2
BHJA,2
PCU,2
KRSW,2
MDPB,2
KRSH,2
KRSL,2
BRLF,2
KRSA,2
RVG,2
VAPI,2
BLNR,2
MCVM,2
RVK,2
RVH,2
TKOT,2
RVS,2
BLNG,2
RDDE,2
BLNI,2
BLNK,2
ALE,2
AYRN,2
SRPU,2
SDUA,2
SRPR,3
LCT,2
RABE,2
SRPB,2
ALB,2
SRPM,3
MYGL,2
SRPJ,2
SKDM,2
URGA,2
DHN,3
SURL,2
TYAE,2
SURI,2
SURP,2
XSK,2
PTN,1
PTM,2
KAGR,2
PTK,3
PTJ,3
PTI,2
AUNG,2
NGRS,2
JMS,2
JMP,2
PTD,3
JMV,2
PTB,2
PTA,2
JMU,2
JMK,2
JMI,2
JMN,2
PTZ,2
JML,2
JMM,2
PTU,2
PTT,2
PTS,3
LKMN,3
JMD,2
PTP,2
EC09,2
KTTR,2
SNCR,2
AMPL,2
BPRS,2
AMPA,2
BPRD,2
PCMK,2
KDSD,2
BPRA,2
SNCA,2
AMPR,2
NWMS,2
BPRH,2
TZR,2
SUD,3
SUC,2
DHY,2
SUA,2
SUM,2
SUL,2
SUK,2
SUJ,2
SUI,2
SUH,2
SUW,2
SUU,2
MWP,2
SUR,2
SUP,2
SWNR,2
SUX,2
LPNR,2
NBX,2
TEL,4
GRWD,2
TEN,4
TEO,2
NBS,2
TEA,2
NBQ,3
NBP,2
NBU,2
NBT,2
NBK,2
NBI,2
NBH,2
NBM,2
NBL,2
TER,2
NBG,2
NBE,2
NBD,3
DNE,2
DND,2
JGNR,2
DNA,3
MCLE,2
DNM,2
DNL,2
DNN,2
DNH,2
DNK,2
DNJ,2
DNT,2
DNW,6
DNV,2
DNQ,2
DNR,2
DNX,2
DNZ,2
MWC,3
SB04,2
MWA,2
BHWA,2
POTI,2
BHWD,2
GJJ,2
BSAE,2
BAPN,2
GHAA,2
GHAI,2
DISA,2
BAPR,2
RKR,2
RKS,2
RKY,2
RKZ,2
PCG,2
RKG,2
WIRR,2
RKB,3
RKL,2
RKM,3
RKN,2
RKO,2
RKH,2
RKI,2
RKK,2
HOD,2
AMH,2
HOL,2
HOJ,2
HOH,2
NWR,2
SDHA,2
KITA,3
ORGA,2
SVKS,2
BVNR,2
BGJT,2
OYR,2
KITN,3
LTRR,3
SVKD,2
NBKH,2
WC,2
RBGJ,2
NWD,2
LHD,2
LHB,2
LHA,2
SMGR,2
LHN,2
LHM,2
ADTL,2
LHK,2
WJ,2
LHW,2
LHU,2
ADTP,2
OML,3
NWN,2
DLGN,2
KTLP,2
KTLR,2
KTLO,2
KTLN,2
KTLA,2
BARD,2
KHJA,2
KCVL,2
CHKE,2
CHKB,2
JLWC,1
DSX,2
ABFC,2
DST,2
DSR,2
DSS,2
THBN,2
DSO,2
DSL,2
DSM,2
DSJ,2
DSK,2
GLMA,2
DSD,2
BMSN,2
DSA,3
KQLS,3
RMX,2
CKKD,2
CKKN,2
JRAE,2
ZRDE,2
AUB,3
MHWL,2
AUI,4
AUL,2
AUN,2
AUR,2
KPPR,2
MLKP,2
MLKH,2
MLKA,2
CGHD,2
BJRA,2
BJRI,2
YFP,2
HAA,2
JSME,4
DSAP,2
BNW,3
BDKE,2
KDNL,2
BDKN,2
BDKT,2
SCM,3
MNDR,2
MAGH,2
BNB,2
MNDV,2
BNA,2
WTR,2
BAOL,2
HAT,2
JLHI,2
WTJ,2
MGO,2
SLHP,2
NIRA,2
BHHT,2
BHHZ,2
VDNP,2
DINR,2
MAE,1
RTG,2
PLNI,1
ALNI,2
BLLT,2
RTB,2
RTM,4
KUC,2
RTN,2
RTI,2
RTK,1
RTJ,2
RTU,2
KRUR,2
MCPE,2
WDHR,2
BLLI,2
RTZ,2
G,4
RZJ,2
MAG,2
BIJR,2
CCLW,2
SKBR,2
ANPM,2
ANPR,2
SKBN,2
SRRG,2
SRRB,2
UREN,2
ISH,2
ISM,2
KLHD,2
ISA,2
JKPR,3
PVP,2
PVR,2
PVU,2
JKZ,2
JKT,2
PVZ,2
JKP,2
JKR,2
JKS,2
JKL,2
JKM,3
JKN,2
JKO,2
JKH,2
PVD,2
KLWL,2
JKE,2
KLWN,2
PVM,2
PVL,2
JKB,2
PVN,2
FRG,2
FRD,2
FRH,2
VJPJ,2
BRGT,2
BRGW,2
BRGP,2
SNMR,2
AMVA,2
BRGA,2
BRGM,2
BRGL,2
BRGJ,2
DN,2
DO,2
DL,2
DJ,1
DK,2
SWO,2
DI,3
SWA,2
DG,4
SWC,2
SWE,3
DC,2
SWG,2
SWF,2
MGLP,2
SWX,2
DY,2
DV,2
SWS,2
SWR,2
DR,4
DS,2
SWW,2
SWV,2
TGP,2
TGQ,2
TGT,2
TGU,2
GYN,2
GYM,2
GYL,2
TGA,2
TGE,2
TGH,2
TGN,2
TGL,2
TGM,2
DHO,2
SWNI,2
DHM,2
DHL,2
DHK,2
DHJ,2
DHI,1
DHH,2
DHG,2
DHE,2
DHD,2
DHA,2
LKMR,2
DHW,2
DHU,2
DHT,3
DHS,2
DHR,2
DHQ,2
DHP,2
MSHW,2
BHUJ,1
MSHM,2
BHUA,2
SRUR,2
WG,2
BARS,2
BARU,2
WL,3
MIRA,2
WH,2
WW,2
WR,3
WP,2
BARH,2
BARJ,2
BARL,2
BARN,2
GWA,2
RIS,2
PAJ,2
RIG,2
HAH,2
BNZ,2
BNY,2
ANP,2
HAN,2
BNS,2
BNR,3
BNQ,2
BNP,2
HAD,2
BNV,2
BNU,2
BNT,2
BNK,2
BNJ,1
BNI,2
BNH,2
BNO,2
BNN,2
BNM,2
BNL,2
BNC,2
HAQ,2
HAR,2
HAS,3
BNG,2
BNF,2
BNE,2
BND,4
JRA,2
VLKN,1
VGM,2
SPYA,2
JRV,2
BGHI,2
BGHU,2
TPW,2
ADVI,2
LJO,2
LJN,2
VGA,2
SFPR,2
SMAE,2
GWO,1
LJR,3
TSAH,2
JRZ,2
KTJI,2
JUBS,2
CHIT,2
SAF,2
DTVL,2
CHIB,2
CASA,2
YNK,4
MRGM,2
CWLE,2
MRGA,2
LKPL,2
NIIJ,3
KUGT,2
BTBR,2
GTST,2
NRYP,2
GULR,2
CHH,2
TVTN,2
CHI,2
JAT,2
CHK,2
GJW,2
JAR,2
JAQ,2
JAN,2
BNSA,2
MSDN,2
MNMA,2
BNSL,2
VLTR,2
JAL,2
MNMU,2
DTP,2
BNSP,3
BNSR,3
CHU,2
RRGA,2
YDM,2
GWP,2
YDK,2
MLMG,2
YDD,2
SPDR,2
DEHR,2
LSGS,2
MLMR,2
SPDM,2
YDV,2
HPLE,2
YDP,2
JMQ,2
BOKR,2
BDIN,2
KDLG,2
MDSA,1
MDSE,2
BOKE,2
BOKO,2
KDLR,2
VDP,2
VDS,2
VDR,2
VDV,2
TNW,2
VDA,2
VDE,2
VDD,2
VDG,2
VDI,2
VDH,2
VDM,2
VDL,2
VDN,2
GVL,2
MMDL,2
KSVM,2
PGMD,2
JSKA,2
GVG,2
DBQ,2
NMGY,2
JNTR,2
BHNA,2
BHNE,2
SHBC,2
SHBA,2
BHNP,2
TNA,4
BHNS,2
RANI,2
JSRY,2
GVR,2
VZR,2
JGJN,2
TNO,2
JHAR,2
RRL,2
RRJ,2
RRI,2
PLHW,2
RRE,2
RRB,3
QMRS,2
RRW,2
RRU,2
RRS,2
RRP,2
BCOB,2
NKE,2
UDLW,2
UDLU,2
BIDR,2
SRTN,2
UDLE,2
SRTL,2
SRTA,2
USD,2
LKPR,2
USL,3
USK,2
IQG,2
JKNI,2
IQB,2
PXR,2
MZMA,2
NKW,2
FPS,2
VJRD,2
MTHP,3
BRAG,3
PNRA,2
BRAM,2
TBTN,2
SIR,3
SIQ,2
SIP,2
SAGM,2
DHWS,2
NEHL,2
SIY,2
DLPI,2
SIC,2
SIA,2
SIF,2
SIE,2
SID,2
SII,2
DHWN,2
SIN,2
SIM,2
SIL,2
TAT,2
TAV,3
TAP,2
TAR,2
TAS,2
TAY,2
TAZ,2
TAE,2
TAA,2
TAC,2
ATPA,2
TAO,2
JID,2
JIA,2
DJX,2
JIL,3
KAKN,2
DJA,2
JIT,2
DJB,2
JIR,2
DJD,2
DJG,2
DJI,2
DJL,2
BBTR,2
MJRI,3
NMGT,2
MIPM,3
QGT,2
TCNR,2
KBJ,2
KBK,2
KBH,2
KBI,2
KBN,2
KBL,2
KBM,2
KBA,2
KBE,2
KBY,2
KBR,2
KBP,2
KBQ,2
KBT,2
KBU,2
HCR,2
HCP,2
BLY,2
BLX,2
BLZ,2
BLU,2
BLT,2
BLW,2
NFK,2
BLP,2
BLS,2
BLR,2
BLM,4
BLL,2
BLO,2
MHLT,2
AJP,2
BLH,2
BLK,2
BCRD,2
BLD,2
BLG,2
MHDP,2
BLA,2
BLC,2
HCM,2
PRGA,2
PRGL,2
PRGT,2
KTHA,2
DIL,2
KTHE,2
KTHD,2
KTHL,2
KTHU,3
SVGL,2
SVGA,2
AFR,2
JHH,2
MAND,2
LTR,2
DIG,2
LTV,2
LTT,1
JHL,4
LTA,2
SCMN,2
LTD,2
LTK,2
LTI,2
JHN,2
SYWN,2
RPAN,3
JUDW,2
GUNS,2
KNVT,2
GLPT,2
KHNR,2
KHNP,2
KHNM,2
SHTT,1
PSLI,2
CHOK,2
PSLP,2
DULP,2
GER,2
AJH,2
FLM,2
AKRD,2
TGRL,2
ZNA,2
ZNP,2
LONI,2
SEPN,2
JRMG,2
SEPR,2
KBPR,2
AYM,2
AYN,2
AYD,2
GANI,2
AYU,2
AJM,6
KPTM,2
KPTO,2
KPTN,2
NNKR,2
DABN,2
GHS,2
RRAL,2
TNNH,2
BUBT,2
BUBR,2
DNRP,3
SOJN,3
CGLA,2
GATD,2
DNRA,2
DNRE,2
EL,2
EN,2
EE,2
ED,3
ET,4
NASP,2
AMIN,2
BDWS,2
RJPM,2
RJPB,4
BDWD,2
BDWA,2
KDJR,2
BDWL,2
MDUN,2
VJR,2
VJP,2
JGX,2
DHLI,2
VJK,2
VJM,3
VJA,2
GHY,2
VJF,2
GUU,2
VJD,2
WPR,2
BPO,2
RAH,2
KKGM,2
BHLP,2
BHLE,3
BHLA,2
KKGT,2
ETAH,1
KMTI,2
BHLI,2
RAHA,2
SKND,2
SRVN,2
SRVT,2
SRVX,2
SKNR,2
RPR,2
WDLN,2
RPY,2
RPZ,2
EC32,2
RPD,2
RPI,2
RPH,2
RPK,2
PLJE,2
RPM,2
RPL,2
RPO,2
ALJN,3
BHGH,2
KUND,2
HXR,2
KAJG,2
SNIE,2
NAC,2
NAG,2
KLSX,2
MHMB,2
KLSP,2
BOP,2
HBD,2
PZA,2
BOR,2
STDI,2
TKUR,2
VNGL,2
BOT,2
STDB,2
BLHR,2
NAL,2
JMBL,2
NAM,2
STDR,2
BOI,2
PNPR,2
MTJR,2
MTJL,2
BRCK,2
PNPN,2
PNPL,2
VMD,2
BOM,2
MSDL,2
SKT,2
SKW,2
MJPB,2
MSDH,2
NAT,2
SKS,2
SKR,2
PORA,2
MSDG,2
SKY,2
SKX,2
SKG,3
SKF,2
SKA,2
MGPA,2
SKB,3
SKM,2
SKL,2
SKN,2
SKI,3
MGPI,2
SKK,2
SKJ,3
MFA,3
MFB,2
MFC,2
MFH,2
MFJ,2
IGP,2
TCR,2
MFM,2
BOE,3
TCN,1
GEB,2
MFR,1
GEG,2
BOF,4
TCH,2
GED,2
GEK,2
MFZ,2
DDZ,2
KAMA,2
DDX,2
KAMG,2
JGM,2
JGN,2
DDS,2
JGA,2
DDP,2
JGD,2
DDV,2
JGF,2
JGG,2
DDK,2
KAMR,2
JGZ,2
KAMP,2
DDN,1
DDM,2
DDL,2
DDC,2
DDA,2
DDE,2
JGW,2
ADT,2
SOJ,2
SLWR,2
KDL,2
KDM,2
KDN,2
KDO,2
KDH,2
KDI,2
KDJ,2
KDK,2
KDE,2
KDF,2
KDG,2
KDX,2
KDY,2
KDZ,2
KDT,2
KDU,2
KDV,2
KDP,2
KDQ,2
KDS,2
HET,2
NDH,2
NDK,2
NDJ,2
NDM,2
NDL,2
NDO,2
NDN,2
BCPR,2
NDE,2
NDD,3
NDY,2
SPDA,2
NDZ,2
ATRU,2
HEB,2
MRPM,2
HEN,2
NDR,2
NDU,2
NDT,2
NDW,2
NDV,2
BJG,2
BJF,2
BJE,4
BJD,2
BJA,2
BJO,2
BJN,2
TRAN,2
BJK,2
TRAH,1
BJI,2
BJW,3
BJV,2
BJU,4
BJT,2
BJR,2
BJQ,2
BJP,2
BJY,2
CBN,2
SVL,2
ARCL,2
CBM,2
BGLI,2
MGME,3
TERH,2
NBAE,2
RMSR,3
LVR,2
GJUT,2
ADRA,4
LVK,2
CBY,1
MDHA,2
DLMH,2
PWBN,2
KNPS,2
KNPR,2
PPTN,2
MYY,2
MYX,2
SBPD,3
MYP,2
MYS,3
MYR,2
MYU,2
KHLL,2
MYK,3
MYJ,2
MYM,2
MYL,2
HIND,2
MYA,2
MYD,1
MYG,2
CQL,2
YEAM,2
CQA,2
MOMU,2
RSWT,2
DUBH,2
CQS,2
ADX,2
NIMA,2
SNVR,2
NIMG,2
GLGT,2
CSDR,3
GGLE,2
KBRV,3
BTNR,2
RTGN,2
ANGL,2
ANGM,2
BNWC,2
MNAE,2
ANGR,2
ADE,2
BUDR,2
MUGR,1
GNT,4
RMNP,2
RMNR,2
BUDA,2
SOHL,2
KRTN,2
MUGN,2
BUDI,2
AJKI,2
BUDM,2
LKE,2
LKB,2
SMI,2
SMBL,2
KDHA,2
KJLU,2
KDHI,2
SMBJ,2
BDUA,2
KDHN,2
DHNA,2
LKX,2
DHND,2
DHNE,3
DHNL,2
DHNR,2
LKW,2
TXM,2
PDGN,2
TXD,2
LKS,2
GNDI,2
GNDM,3
DELO,2
DNPR,2
KKET,2
BHBT,2
BHBV,3
KVGM,2
CHBT,2
BHBK,2
CHBS,2
CHBR,2
PAP,2
SKLI,2
CKD,2
CKG,2
SKLR,2
RAJP,2
SKLP,2
KBKN,2
KRKR,2
KRKP,2
PAW,2
CKM,2
NTSK,3
KRKD,2
KRKN,2
PAZ,2
KRKM,2
HZD,2
WRD,2
WRC,2
WRA,2
WRI,2
DORD,2
NTZ,2
WRR,2
WRS,2
HZR,2
KYOP,2
PAA,2
KESR,2
CKW,3
CKV,2
KATL,2
PAE,2
NDNI,2
SNKL,2
SGUJ,4
TNKU,2
SNKG,2
SNKE,2
SNKB,2
BPZA,2
PNVT,2
NTW,2
SNKX,2
PAI,2
UOI,2
SNKR,2
SGUT,2
SNKP,2
MGL,2
PAM,2
TDV,2
FTP,2
FTS,2
NTN,2
STBD,2
FTC,2
FTD,2
FTG,2
FTH,2
MTLP,2
NTG,2
MGRR,2
MGRP,2
SMZ,2
SMX,2
SMV,2
SMU,2
SMT,2
GIMC,2
GIMB,2
SMP,2
SMO,2
FA,2
SMM,2
SML,2
SMK,2
MGRD,2
SMH,2
SMF,2
SME,2
SMD,2
SMC,4
FM,2
MGRL,2
MDJ,2
GGT,2
MDH,2
MDN,2
NPNR,2
RCTC,2
GGR,2
MDB,2
MDA,2
MDF,2
MDG,2
MDD,2
MDE,2
GGD,2
GGA,2
GGC,2
GGB,2
GGM,2
MDS,2
GGO,2
GGN,2
GGH,2
MDT,2
GGJ,2
KUKA,2
JES,2
JEP,2
JET,2
THUR,2
DFR,2
LKKD,2
JEA,2
JEN,2
BBPM,2
BQR,2
YL,2
YA,2
YG,2
YP,2
YS,2
YT,2
MITA,2
KFV,2
KFT,2
KFU,2
KFP,2
KFQ,2
KFX,2
KFY,2
KFF,2
KFD,2
KFE,2
KFC,2
KFA,3
KFK,2
KFI,2
SPPR,2
NZR,2
ABB,2
NZP,2
ABD,2
ABE,2
NZT,2
ABH,2
ABI,2
HGT,2
HGR,2
ABO,3
ABP,2
NZB,2
ABR,2
SJGM,2
HGJ,2
ABU,2
HGH,2
NZD,2
ABX,2
MHHR,2
ABZ,2
WEL,2
NZM,3
HGA,2
BHI,2
JIND,2
BHK,2
SHBL,2
BHL,2
BHN,2
BHA,2
BHC,2
BHB,2
BHD,2
BHG,2
BHY,2
BHX,2
BHZ,2
BHP,2
BHS,2
BHR,2
BHU,2
BHT,2
BHW,3
BHV,2
KTDD,2
ARAG,2
KILE,2
BGRR,2
SPSR,2
BGRA,2
BGRM,2
LPW,2
LPU,2
LPR,2
SFNR,2
LPN,2
LPJ,2
LPI,2
LPH,2
LPG,2
MDJN,2
NHY,2
PKPU,3
GURN,2
KNRT,2
KNRI,2
KNRN,2
KNRA,2
KTX,2
KNRG,2
SICY,2
KHBJ,2
SBRA,2
DUMK,1
JAMA,2
KWBR,2
KTU,2
CHSM,2
NHYD,2
CSM,2
CSN,3
CSA,2
CSB,2
CSY,2
CSZ,2
CSR,2
TLWA,2
BAND,3
AKVD,3
REG,2
UCA,2
AKVU,2
NNGE,2
KRRA,2
AEP,2
ND,4
BANL,2
BANO,2
LMGS,2
CDBN,2
CKSR,2
DDNA,2
MCRD,2
MNGR,2
MNGT,2
PLHL,2
MNGD,2
HTNL,2
MLND,2
CMMG,2
SSRD,2
NAWN,2
AJIT,2
MLSU,2
MLSA,2
TVNL,2
KJNC,2
BDSW,2
SHDM,2
SHDR,2
BSTP,2
BUU,2
VNG,2
VNE,2
VND,2
VNB,2
VNA,2
VNN,2
VNM,2
VNK,2
VNJ,2
WENA,3
PRLI,2
TZD,2
VNP,2
TZH,2
SONH,2
BBMN,2
SONR,4
SONW,2
KMPT,4
KMPH,2
RNPR,2
RDUM,3
SKJS,2
KRMP,2
KRMR,1
KRMI,2
KRMA,2
KRMB,2
KRMD,2
KRMG,2
HNDR,2
MKSP,2
S,2
MKSR,2
DOTL,2
NMH,2
LBZ,2
MTND,2
UMS,2
UMR,2
MTNL,2
PCGN,2
UMD,2
UMG,2
MABG,2
MABA,2
MABB,2
UMB,4
UMM,2
SGKM,2
UMN,6
PNTR,2
UMH,2
NDLH,2
OLA,2
UKWC,2
JKHI,2
OLP,2
OLR,2
PDNA,2
IKD,2
IKK,2
IKI,2
BLDK,2
BLDI,3
LBG,2
BLDL,2
FZR,4
FZP,2
IMGE,2
SMTL,2
SMTN,2
FZL,2
BLDR,2
SMTG,2
SMTA,3
FZD,2
KSBP,2
LBO,2
SAPE,2
RAY,2
ACND,2
BII,2
DGDG,2
DTAE,2
MGWN,2
MGTD,2
MBL,2
MBM,2
RCRA,2
SOB,2
SOE,1
MBI,2
SOG,3
GAX,2
MBD,2
MBE,2
MBF,1
MBG,2
SOM,2
SOL,3
GAQ,2
GAP,2
GAO,2
SOP,2
SOS,2
SOR,2
SOU,2
GAJ,2
SOW,2
BFJ,2
MBT,2
MBU,2
GAE,2
MBW,2
MBP,3
MBQ,2
GAA,2
MBS,2
JCU,2
NRGO,2
BBRM,2
JCL,2
JCN,2
NRGR,2
JCH,2
GPDE,2
JNRD,1
JNRI,2
BFQ,2
RPHR,2
JTHR,2
SHHT,2
KMB,2
KHQ,2
KHR,2
KHS,2
KHT,2
KHU,2
KHV,2
KHH,2
KHI,2
KHJ,2
KHM,2
KHN,2
KHA,2
KHC,2
KHD,3
KHE,2
TDPR,2
NXR,2
NXN,2
NXH,2
BVS,2
BVR,2
RIKD,2
BVP,2
BVW,2
BVV,2
BVU,2
RIKA,2
BVZ,2
BVC,1
BVB,2
BVA,2
PRAE,2
BVI,2
BVH,2
BVO,2
BVN,2
BVM,2
BVL,2
JUJA,2
ARGP,2
ARGL,2
ARGD,2
BGPR,2
BGPL,2
OSN,2
OSA,2
KMX,2
BGPA,2
LRA,2
DKGS,2
LRB,2
LRD,2
MDLM,2
MDLL,2
PKRD,2
LRJ,3
PKRA,2
MDLE,1
GGSY,2
LRU,2
DKGN,1
TVL,2
SBTA,2
SBTF,2
GRAK,2
TVI,2
GRAE,2
VHGN,2
CUR,3
CUX,2
CUE,2
CUL,2
CUK,2
VRI,4
CWDA,2
HATI,2
KDRP,2
ABLE,2
TVC,2
MLW,2
SRAS,2
BTJL,2
PLSN,2
DOKM,2
TUVR,2
DOKY,2
PKW,2
BNKT,2
SCPR,2
BNKM,2
BNKI,1
BNKH,2
BNKJ,2
SCPD,3
BNKA,2
PKX,2
SSPN,2
TNRI,2
PKY,2
SSPH,2
SSPD,2
DD,3
SIW,2
GVMR,2
RAGM,2
SSPR,2
TNRU,2
PKC,2
MZRT,2
GW,2
GV,2
GT,2
GS,2
GR,2
JMIR,2
JRKN,2
TLHD,3
UMRA,2
GY,4
DDNI,2
GG,1
GD,5
GC,4
GB,2
GA,2
GO,2
GM,2
GK,4
JRKT,2
GI,2
GH,2
BRTL,2
KJPD,2
BRTK,2
BRTG,2
BRTA,2
KMRD,2
KMRJ,2
BSRL,2
MJGP,2
BSRX,2
SHJP,2
VLI,2
TTZ,2
VLK,2
SAGR,2
VLL,2
MPLY,2
VLN,2
VLA,2
TTR,2
TTQ,2
TTW,3
VLD,2
TTU,2
VLY,2
MPLM,2
TTO,2
TTN,2
MPLI,2
TTL,2
VLP,2
MPLE,2
VLR,2
VLU,2
VLT,2
VLV,2
MBGA,2
ZN,2
ZB,2
GARA,2
ZW,2
ZP,2
BDVR,2
APDC,2
KKAH,2
APDJ,4
GHRI,2
BZLE,2
SKHR,2
SKHK,2
CCBG,2
JHIR,2
BJL,2
GNHI,2
DBEC,2
KOHL,2
KOHR,2
BCGM,2
CVP,2
TAN,2
TMPY,2
NDBT,2
UKV,2
DJS,2
UKN,2
UKL,2
UKH,2
UKE,2
UKD,2
UKC,2
UKA,2
JPRD,2
OND,3
NKBR,2
ONR,2
GLG,2
CLHT,2
KRON,2
RZN,2
STNR,2
RDHP,2
NTWL,2
STNL,2
STNC,2
NLDA,2
NLDM,2
KNKT,2
CTKT,2
KNKP,2
MUT,2
MSBR,2
MSBH,2
MUQ,2
POHE,2
SAI,2
SAH,2
SAO,2
SAN,2
SAL,2
SAC,2
SAB,2
SAA,2
SAG,2
MGVK,2
SAE,2
SAD,2
SAY,2
SAS,2
SAR,2
SAP,2
SAW,2
SAV,2
SAU,2
SAT,2
CHA,2
CHB,2
CHC,2
CHD,2
CHE,2
CHG,2
KASU,2
MUY,2
MRZA,2
JAU,2
CHL,2
CHM,2
CHN,2
KASR,2
CHP,2
CHQ,2
CHR,2
JAM,3
JAJ,2
JAK,2
CHV,2
JAG,2
CHZ,3
JAB,3
JAC,2
JAA,2
DBI,2
MUE,3
DBK,2
DBM,2
DBL,2
DBO,2
DBN,2
DBA,2
DBB,1
DBD,2
DBG,3
DBF,2
DBY,2
SWDV,2
DBP,2
DBS,2
DBR,2
DBU,2
DBT,2
DBW,2
DBV,2
PIRN,2
CBG,2
BADR,2
BTWN,2
BFPA,2
BADK,2
GTRA,2
AFK,2
GCH,2
GCN,2
GCT,2
MHDA,2
BTU,2
BTT,3
BTW,2
BTV,2
BTQ,2
BTP,2
BTS,2
BTR,2
BTY,2
BTX,2
BTZ,2
BTE,4
BTD,5
BTG,2
BTF,2
BTA,2
BTC,4
BTM,2
BTL,2
BTO,2
BTI,6
BTH,2
BTK,2
BTJ,2
NBGH,2
BGVN,2
TETA,3
KJA,2
KJG,2
KJJ,2
KJH,2
KJI,2
KJN,2
KJL,2
KJM,4
KJS,2
KJP,2
KJV,3
KJW,2
KJT,3
KJU,2
KJZ,2
WAIR,2
KJY,2
NUD,2
MDNR,2
NUB,2
DLSR,2
KLDI,2
BWIP,3
DKAE,3
BEHJ,2
BEHI,2
BEHT,2
BEHS,2
BEHR,2
JAIS,2
CHWT,2
CAMU,2
NPTY,2
GLKN,2
VASO,2
JDNM,2
CWR,2
CWI,2
CWN,2
CWA,5
JDNX,1
TTRA,2
DOLK,2
NNCN,2
WDD,2
CDNR,2
BTHL,2
PSDA,2
WDM,2
GRCP,2
ANAS,2
NVRD,3
KJ,2
ANAH,2
KDBA,2
TNPR,1
SSNR,2
SSNS,2
KDBM,1
KDBR,2
SUCH,2
JEUR,2
SSNH,2
JMKR,2
JMKT,2
VRDP,2
RNGG,2
JMKL,2
BRVR,2
KSBI,2
BLN,4
KJRD,2
KSBG,2
BSPH,2
BSPK,2
BSPL,2
BHDH,2
BSPN,2
BSPD,2
BSPX,2
TPNI,2
BSPR,2
BHDR,2
TPND,3
VRR,2
VRQ,2
TORA,2
VRV,2
VRU,2
VRT,2
TVT,2
VRX,2
TORI,2
TVP,2
TVS,2
TVR,3
VRB,2
VRA,2
TVN,2
VRG,2
VRE,2
TVG,2
VRH,2
VRN,2
VRM,2
VRL,3
AJMB,1
TMLP,2
TMLU,2
PMYA,2
SORD,2
GALE,2
GALA,2
NGAN,2
SORO,2
SORI,2
PBKS,2
GHPU,2
KRAN,2
PATI,2
SDGM,4
SDGH,2
KRAI,2
DIBL,2
QRP,2
QRS,2
VSKP,1
KONN,2
HPR,2
HPP,2
MPNH,2
HPU,4
HPT,2
KONY,2
HPH,2
HPO,2
HNHL,2
HPA,2
HPG,2
BHRJ,2
JTSR,2
PNHR,2
ABW,2
DRSN,2
MTBG,2
PNHI,2
JKDP,2
UIH,2
ABY,2
TKJ,3
RXM,2
D,2
RXN,2
ANCR,2
RXR,2
KRAR,2
SMPA,2
STLB,2
STLI,2
SMPR,2
STLR,2
HX,2
HR,2
HP,2
HW,2
HT,2
HK,2
HN,2
HM,2
HB,3
HC,2
HA,5
HG,3
HD,2
MNX,2
MNY,2
SCO,2
SCN,2
SCI,2
SCH,2
SCE,2
MNQ,2
MNR,2
MNS,2
MNU,2
MNV,2
MNI,2
MNJ,2
SCY,2
MNM,4
MNO,2
SCT,1
MNC,2
MND,2
SCP,2
MNF,2
PBW,2
PBV,2
CJN,2
PBP,2
CJL,2
PBR,1
CJA,2
PBZ,2
PBE,7
PBD,2
PBA,2
PBB,2
CJR,2
PBL,2
CJQ,2
CJW,2
THSA,2
WLGN,2
SLOR,2
TRVL,2
TKR,2
SLON,2
GMI,2
GMH,3
GMO,4
GMN,2
GMM,2
ADQ,2
GMA,2
GMG,2
GME,2
GMD,2
ADF,2
ADD,2
GMX,2
ADB,2
GMS,2
GMR,2
ADL,2
ADH,2
ADI,4
BRZ,2
BRY,2
PJLE,2
BRW,2
BRU,2
RIGA,2
BRS,2
BRR,2
BRQ,2
BRP,4
BRN,3
BRM,2
BRL,2
BRK,2
BRI,2
BRH,2
BRG,2
SCKR,2
BRE,2
BRD,2
BRC,3
BRB,2
BRA,2
JUNC,2
DKCH,2
JUNX,2
CNGR,2
ARKA,2
KLD,2
KLE,2
KLG,2
KLA,2
KLB,2
SCL,1
KLL,5
KLM,2
KLH,2
KLI,2
KLJ,2
KLK,3
KLT,2
KLU,3
KLV,2
KLW,2
KLP,2
KLQ,2
TIL,2
KLS,2
KLX,2
KLY,2
KLZ,2
SMCK,2
MNP,2
GJMB,2
DSPT,2
DMYA,2
SHSK,2
SCC,3
BGF,2
KWDP,2
KHDP,2
KHDI,2
KHDH,2
NPRD,2
MNL,2
STVA,2
KHDB,5
BGTA,2
DNGD,2
DNGI,1
BGTN,2
SCV,2
SCQ,2
MNE,3
SKSO,2
BNOD,2
GUNA,3
SVPI,2
CJM,2
MPU,2
MKDD,2
WGA,2
TID,2
CHUA,2
BKKI,2
MKDN,2
WGI,1
GRMA,2
WGJ,2
BKKS,2
GRMT,2
RHOT,2
GRMP,2
GRMR,2
BRPA,2
AMGA,2
BPAE,2
BRPK,2
BRPL,2
BRPM,2
PBM,2
KOLE,2
BRPT,2
CJS,2
SUMA,2
PVRD,2
PBN,3
PBH,3
BNXR,2
JRWN,2
KJTW,2
BMBE,2
SHNR,2
SHNX,2
RKDI,2
UKR,2
CTTP,2
VPU,2
VPT,4
THY,2
VPR,2
PPDA,2
VPY,3
VPZ,2
THW,2
VPG,2
THV,2
VPL,2
VPO,2
VPH,2
VPJ,2
YPR,3
BBKR,2
JNR,2
PFMA,2
PFMB,2
MLYC,2
NGON,2
GANG,2
YPD,2
GPC,2
MLYR,2
JXN,2
CDMA,2
THN,2
GJ,2
THK,2
GPY,2
PNSR,2
CKX,2
PUWA,2
THA,2
JHMR,2
TPG,2
TPF,2
TPE,2
KOLR,2
TPB,2
AVRD,2
TPN,2
TPM,2
HRV,2
TPK,2
SJPR,2
HRS,2
TPH,3
HRM,2
TPV,2
TPU,1
TPT,2
HRI,2
HRH,2
TPQ,2
TPP,2
HRE,2
HRG,2
TPZ,4
TPY,2
HRB,2
BCCB,2
NIM,2
KTYR,2
KLGR,2
MTDI,2
KTYM,2
MTDM,1
GBHA,2
UGN,2
MADA,2
SNSN,3
SNSL,2
MADM,2
SNSI,1
MADR,2
MADP,2
UGR,2
UGP,2
UGU,2
RFR,2
KRCA,2
KRCD,3
ENR,2
RFJ,2
HJO,2
SMRL,2
ROHN,2
BWRA,2
NIV,2
ROHA,2
CLDR,2
CLDY,4
KNGT,2
KNGN,2
SEW,2
SEV,2
SEU,2
SET,2
SES,2
SER,2
SEQ,2
SASR,2
SEY,2
SEX,2
SEG,2
SASG,2
SED,2
SEB,3
SEO,2
SEN,2
SEM,2
SASN,2
SEJ,3
SEI,2
SEH,2
CLN,2
CLO,2
PDZ,2
PDY,1
PDX,2
CLD,2
CLE,2
CLF,2
CLG,2
PDS,2
PDR,3
PDQ,2
CLC,2
PDO,2
KUCH,2
PDL,3
CLX,2
PDJ,2
KLYH,2
PDH,2
PDG,2
CLU,2
PDE,3
PDD,2
KUCE,2
PDA,2
RHMA,2
THMR,2
LKCB,2
KAWL,2
KAWR,2
KAWT,2
BPA,2
PRKA,2
BPB,3
BPE,2
BPD,2
PRKE,2
BPF,2
BPH,2
BPK,2
BPJ,2
BPM,2
BPL,3
GSDH,2
BPN,2
BPQ,3
BPP,2
BPS,2
BPR,4
BPU,2
BPW,2
BPY,2
ADR,2
BPZ,2
BTSI,2
GEOR,2
BTSD,2
NMKL,2
BTSR,2
NMKA,1
MLB,2
GOL,2
GOI,2
MLG,2
GOK,2
MLJ,2
GOD,2
AJR,2
MLI,2
MLN,5
MLO,2
GOC,3
MLM,2
MLR,2
AJI,2
AJJ,4
MLQ,2
AJL,2
GOX,2
MLT,2
MLU,2
MLZ,2
GOT,2
MLX,2
MLY,3
AJE,2
GOS,2
NRK,2
NRJ,2
NRI,2
NRH,2
NRO,2
NRN,2
NRM,2
NRL,3
NRA,2
NRG,2
NRF,2
NRE,2
NRD,2
NRY,2
NRX,2
NRS,2
NRR,2
NRP,2
NRW,3
NRV,2
NRT,2
RGPM,2
MDBP,2
BJMR,2
GMU,2
BJMD,2
BJMA,2
KNN,2
KNO,2
KNL,2
KNM,2
KNJ,2
PASA,2
KNF,2
KNG,2
KND,3
KNE,2
KNB,2
KNC,2
KNZ,2
DKX,2
PASR,2
KNW,4
KNT,2
KNU,2
KNR,3
KNS,2
KNP,2
LXR,2
LXD,2
LXA,2
CEME,2
BELA,2
BELD,2
AKNR,2
KNLS,3
JITE,2
LKNR,2
YKA,2
DNEA,2
MOGA,2
SRGT,2
SRGR,2
SRGP,2
BNAA,2
SRGD,2
DAVC,2
DAVM,2
SRGM,2
BNAR,2
ZBD,4
HQR,2
SIKR,2
WAB,2
GNSL,2
SIKD,2
TWL,2
GNST,2
RNO,3
BKIT,2
RNL,2
ANMD,2
NDLS,2
BRRG,2
BRRD,2
KSNG,2
URG,2
BRRZ,2
BPGR,2
KSNR,2
PVPT,2
PANP,2
IP,2
TLNR,2
IK,2
IJ,2
TLNH,2
IB,2
JGWL,2
KGIH,2
RNU,2
LKNA,2
BXHT,2
SHLU,2
SHLT,2
CTRE,2
SHLV,3
SHLK,2
ETMD,2
BSLE,2
SXA,2
SXB,2
SXD,2
SAHA,2
SXF,2
SAHL,2
VVV,2
SXK,2
INTY,2
SAHI,2
SXN,2
SXP,2
SXQ,2
VVM,2
SXS,4
SXT,3
SAHR,2
VVH,3
SXX,2
VVD,2
VVB,2
VVA,2
GOTN,2
NGMP,2
GOTD,2
JVT,2
JVN,2
JVL,2
JVA,2
RPWN,2
GMIA,2
ESV,2
BZJT,2
PYV,2
KLTR,2
MIAL,2
SHNG,2
MIAN,2
TRK,2
TRJ,2
TRM,2
TRL,2
TRO,2
TRN,2
TRA,2
TRB,2
TRE,2
TRG,1
TRF,2
TRX,2
TRZ,2
GNNA,2
TRP,2
TRS,2
TRR,2
TRT,2
TRW,2
HTE,2
HTD,2
HTC,2
HTN,2
HTL,2
HTK,2
HTJ,2
HTW,2
HTT,2
HLKT,2
SJRR,2
HTZ,2
HDW,2
NGF,2
KTWS,2
HDT,2
MTFA,2
KORI,2
MAJN,3
NGC,2
DRWN,2
NBPH,2
ODM,2
ODB,2
ODC,2
NKDO,2
ODG,2
RDU,2
RDT,2
RDP,1
ELM,2
RDY,2
RDE,2
RDD,2
RDG,2
RDF,2
ELR,2
RDL,2
ELP,1
RDN,2
RDI,2
RDK,2
RDJ,2
SMLT,2
LEB,2
VSV,2
LEK,2
BWPB,2
LER,2
HDD,2
FBG,2
SMLA,2
SONI,2
FBD,3
RSRI,2
HDB,1
NGR,2
DSPN,2
DMBR,2
PHRH,2
SGZ,2
KNAD,2
KCCN,2
SGP,2
SGS,2
SGR,2
SGW,2
SGV,2
KNAR,2
SGJ,2
SGM,2
SGL,3
SGO,2
SGA,2
SGC,2
SGE,2
SGD,2
SGG,2
SGF,2
CNR,2
CNS,2
ICL,2
ICG,2
CNX,2
CNY,2
CNF,2
CND,2
BMA,2
CNB,4
CNC,2
CNA,4
CNO,2
CNL,2
CNJ,3
CNK,2
CNH,2
PRDG,2
MRTA,2
KAYI,2
MRTL,2
DXU,2
NVF,2
PFM,5
PFL,2
DXN,2
PFR,2
PFU,2
PFT,2
INDB,1
INDM,2
DXD,2
MRTY,2
BMH,2
SLKX,2
KZPE,2
SLKR,2
PRDP,1
BYSA,2
SLKN,2
GIW,2
MJE,2
MJF,4
MJG,2
MJA,2
PLV,2
MJL,2
MJM,2
MJN,3
MJO,3
GIZ,2
GIF,2
MJV,2
GID,2
MJP,2
MJR,2
MJS,2
GIO,2
GIN,2
GIL,2
MJY,2
MJZ,4
NPM,2
NPL,2
AHA,2
NPI,2
CDB,2
NPK,2
NPD,2
AHH,2
AHI,2
AHN,2
AHO,2
MHBG,2
AHM,2
AHQ,2
NPX,2
NPZ,2
AHZ,2
NPT,2
NPW,2
MHBT,2
NPS,3
NPR,1
BILK,2
DHPR,2
BDDR,2
MDDP,2
AROR,2
CDV,2
MRND,3
KPP,2
KPQ,2
KPS,3
KPU,2
KPV,3
KPY,2
KPZ,2
CKDL,2
KPA,2
KPB,2
BABR,2
KPD,4
KPE,2
KPG,2
KPH,2
KPI,2
KPJ,2
KPK,2
KPL,2
KPM,2
KPN,2
KPO,2
ASNE,2
SHWL,2
GIBP,2
KMEZ,2
SHWl,2
GZN,2
BXR,2
MGB,2
LGDH,4
SVUR,2
GZH,3
KKTI,2
KKTA,2
PRSN,2
BNCR,2
GZB,4
PRSL,2
ANKL,2
MGN,2
BNCE,2
HAPA,2
EC28,2
SRID,2
GZA,2
PRKH,2
TBM,2
AYR,2
TBL,2
PPB,2
MGT,2
TUNI,2
BKWA,2
BKWC,2
TUNG,2
WCN,2
MGX,2
TBD,1
MBC,2
KSLA,2
ADST,2
BDYK,2
BRLA,2
LING,2
SUIA,2
PRKL,2
MNZ,2
GAGA,2
KRXA,2
PALR,2
AGDL,2
BLYC,2
PALM,2
BLYG,2
DPRA,2
BLYH,2
CKYD,2
MVKR,2
NLSF,2
PTTN,2
TKDC,2
RSMN,2
CHJ,2
CTPR,2
CTPE,2
CIL,3
SZK,2
MGAE,2
SZN,2
HRNR,2
SZM,3
SZB,2
SAJH,2
SZA,2
SZF,2
TPTY,2
SZE,2
SZZ,2
SZY,2
SZR,2
SZP,1
SZV,2
GRPA,2
JTY,2
JTX,2
JTU,2
KLBA,2
JTV,2
JTP,2
JTS,2
JTR,2
JTL,2
YTL,1
JTN,2
JTI,2
JTH,2
MUKE,2
JTJ,3
JTG,2
MTU,2
JTB,2
RPUR,2
GAJB,2
BBGN,2
REWA,1
GAJU,2
MTN,2
RVKH,2
MTB,2
MTA,2
QTP,2
LNA,2
SDAM,2
SDAH,4
PUSA,2
VTA,3
GTA,2
VTE,2
GTE,2
TLU,2
TLT,2
CMC,2
TLY,2
VTJ,2
VTM,2
VTL,1
VTN,2
TLC,2
GTQ,2
TLA,2
GTS,2
GTT,2
CMA,2
TLE,2
TLD,2
GTX,2
TLJ,2
TLH,2
TLO,2
TLN,2
TLM,2
TLL,2
HVM,2
HVL,2
RNJD,2
HVD,2
SJTR,2
HVR,2
CJE,2
PCO,2
PCM,2
MAHO,2
UCP,2
MVD,2
PNBE,4
MAHE,2
UCB,2
NBRL,2
SGAM,2
UCH,2
RBZ,2
RBS,2
RBR,2
RBN,2
RBL,3
RBK,2
RBH,2
RBG,2
RBD,2
TNGM,2
RBA,2
KRGA,2
250JRU,1
LGH,3
LGN,2
LGO,2
LGL,1
LGB,2
LGD,2
SMND,2
SMNE,2
SMNH,1
SMNN,2
LGT,2
DZA,2
DZB,2
GSP,2
JU,2
DZK,2
JW,2
JP,4
DZL,2
JL,3
JM,3
JN,2
JO,2
JI,2
JJ,2
JK,2
JA,2
NPKM,2
KHST,2
BC,3
TIT,2
KHSN,2
BM,2
IAM,3
KSUA,2
RPMN,2
IAA,4
BJ,2
TIS,2
PHK,2
GSA,2
PHI,2
PHN,2
TIM,2
PHC,2
PHA,2
BMHR,2
PHE,2
PHD,2
PHY,2
GSB,2
VXD,2
PHS,2
PHR,3
PHQ,2
PHV,2
TII,2
BS,2
MNPT,2
PRWD,2
PRWA,2
MNPR,2
TRSR,2
TIA,2
AONI,2
GSO,2
MHN,2
GKX,2
MHL,2
SIRA,2
MHJ,2
SIRD,2
MHI,2
GKP,3
MHD,2
SIRN,2
GKT,2
SIRL,2
MHA,2
GKH,2
GKK,2
GKJ,3
GKM,2
GKL,2
MHV,1
MHT,2
MHU,2
GKD,2
MHP,2
MHQ,4
AND,2
ANE,2
NVU,2
ANG,2
NVS,2
ANA,2
ANB,2
ANC,2
ANO,2
ANH,2
ANI,2
ANJ,2
BHLK,2
ANT,2
ANU,2
ANV,2
ANW,2
NVC,2
ANQ,2
ANR,3
YDLP,2
GDYA,2
ANY,2
BDBA,2
NADA,2
BDBG,2
BDBP,2
BDBS,2
JFG,2
KRZ,2
KRX,2
KRY,2
KRR,4
KRS,2
BALE,2
KRQ,2
KRV,2
KRW,2
NRKR,3
KRU,2
KRJ,3
KRH,2
KRI,2
KRO,2
KRL,2
KRC,2
BALU,2
KRA,2
ODUR,2
KRG,2
KRD,2
KRE,2
DSNR,2
DSNI,2
KKRD,2
KMGH,2
KKRH,2
KKRL,2
KKRM,2
KKRV,2
INJ,2
LLR,2
BJIH,2
AIH,2
JREA,2
IPPM,2
RPV,2
KPDH,2
DARI,2
SRKI,2
DARA,2
LHBK,2
PUNE,3
CKNA,2
ASE,2
HKNT,2
GLA,2
VSPR,2
CAER,2
GLD,2
GLE,2
GRKN,2
WML,2
SIOB,3
MKBH,2
GRKA,2
RPJ,3
GLY,2
KRIH,2
BRNR,2
CUPJ,3
PSK,2
BRNA,2
BRND,3
BPKA,2
PCTM,2
AKE,2
SUKU,2
SQL,2
BLWR,2
MHAD,2
BLWD,2
BSY,2
MHH,2
VRLR,2
PSN,2
SQE,2
RNRD,2
SALI,2
MSWA,2
GSGJ,2
SALE,2
SALR,1
KUTR,2
KUTL,2
KUTI,2
BSE,2
GOPG,2
CRLM,2
GOPA,2
JRG,2
GADM,2
GADH,2
BBAE,2
JRO,2
BBAI,2
JRL,2
JRK,2
JRJ,2
MBWC,2
JRW,2
BBAR,2
JRU,3
JRT,2
JRS,2
JRR,2
JRQ,2
BSC,2
PLMG,2
JHWR,2
JJBR,2
MFKA,2
TNU,2
TNT,2
GVH,2
GVI,2
GVN,2
TNP,2
VZM,3
TNR,2
GVB,2
TNX,2
GVD,2
KNDR,2
AVLI,2
TNM,2
TNL,2
GVP,2
TNI,2
TNH,2
HHR,2
NKB,2
HHP,2
NKD,2
TAKU,2
DBSI,4
HHT,2
NKH,2
NKI,2
NKJ,4
NKK,2
NKM,2
NKN,2
BVRM,3
NKP,2
NKR,2
HNPA,2
HHG,2
NKU,2
BVRT,3
HHD,2
NKX,2
SJVP,3
ITKL,2
HHL,2
SGWF,2
ARPL,2
MANR,2
KTSC,2
MANU,2
MANW,2
KTSH,2
UAR,2
MANA,2
UAM,1
MANE,2
MANG,2
UAA,2
MANK,2
SNYN,2
SBV,2
LAL,2
LAN,2
LAK,2
LAE,2
KGKD,2
LAA,2
LAC,2
MMU,2
AXA,2
LAT,2
LAU,2
LAV,2
LAP,2
LAR,2
DTK,2
DTJ,2
MMV,2
DTO,2
DTN,2
DTL,2
DTC,2
DTF,2
DTE,2
DTX,2
THKU,2
SWRT,2
DTR,1
DTQ,2
KHXB,2
DTW,2
DTV,2
SBB,3
SBC,3
SBG,2
IGU,3
BDN,2
IGR,2
BGAE,2
BGAN,2
BGAR,2
SBJ,2
SBK,2
KURJ,1
MMG,2
GSPR,2
PJN,2
CBF,3
NRSP,2
PJK,2
CBE,2
CBJ,2
CBK,2
CBH,2
PJA,2
MOPR,2
PJB,2
CBR,2
NRSD,2
CBP,1
PJY,2
MMC,2
CBT,2
CBU,2
CBZ,2
CBX,2
MRPR,2
PJP,2
PJR,2
BZU,2
BZS,2
BZR,2
BZY,2
PRUR,2
BZG,2
BZE,2
BZA,4
BZO,2
BZN,2
BZM,3
BZL,2
BZK,2
DJKR,2
ERS,3
KZTW,2
MVP,2
LUSA,2
MVV,2
MVW,2
CHBN,2
MVA,2
MVC,2
RXRX,2
MVE,2
MVF,3
MVG,2
MVH,2
MVI,2
MVJ,3
MVL,2
MVN,2
MVO,2
ALN,2
ALM,2
ALJ,2
ALK,2
DDY,2
ALD,4
NTR,2
NTU,2
NTT,2
KXRA,2
NTV,1
KOZ,2
NTM,2
ALY,2
NTA,2
ALW,2
ALU,2
ALS,2
ALP,2
KSWD,2
MDXR,2
KOQ,2
KSWR,2
SDLE,2
RRNH,2
WKRC,2
KBGN,2
SLGM,2
SLGH,2
KTY,1
KTZ,2
PPDI,2
KTT,2
SLGE,2
KTV,3
KTW,1
KTP,2
KTQ,2
KTR,2
BANE,2
KTM,2
KTO,2
KTH,2
KTI,2
KTJ,2
KTK,2
KTD,2
KTE,4
KTF,2
BANI,2
KTA,2
SLGR,3
DSHI,2
KMAH,2
DURG,4
DURE,2
KMAE,2
SAWN,2
KKPR,2
TGDE,2
BWNG,2
MURI,4
MLBN,2
BJKN,2
MURD,2
JDDA,2
LTHR,2
MZS,1
BNGY,2
SOPR,2
KPJG,2
CHNN,2
LHLL,2
PFMJ,2
BNGM,2
BNGL,2
BNGO,2
BNGN,2
HATB,2
LHNA,2
DAPD,2
BIML,2
VLDI,2
RUSD,2
VDGT,2
SRMR,2
PMT,2
MLYG,2
CGH,2
JACN,2
BKSL,2
BKSA,2
LUNI,3
BKSC,2
WOC,2
PMQ,2
DOGL,2
PMR,2
CGN,2
SKU,2
KSHR,2
BRHU,2
MRPL,2
BRHL,2
SKQ,2
BRHD,2
SKP,2
PMD,2
SNDD,2
MASK,2
SNDI,2
GANL,2
JPML,2
CSTM,2
PLGH,2
PMN,2
KB,2
PTPR,2
CGR,2
PTPU,2
KE,2
KD,2
KK,2
ZARP,2
KI,2
KH,2
KO,2
KN,2
KM,2
KL,2
KS,2
KP,2
KW,2
KV,2
KU,2
KT,2
KY,2
CGV,2
AMRI,2
BHRL,3
SANR,2
LAUL,2
MJKN,2
TPPI,2
MSDR,2
SANK,2
SANH,2
GGKR,2
KLNT,2
IZN,2
KLNP,3
KLNK,2
KLNC,2
CRND,2
KLNA,2
JPI,2
JPH,2
JPM,2
JPL,2
JPO,2
JPE,2
JPD,2
JPG,2
JPZ,2
JPQ,2
JPP,2
JPS,2
JPR,2
JPV,2
BGA,2
BGD,2
VELI,2
BGG,2
BGH,2
MFL,3
BGK,2
BGL,2
BGM,2
BGN,2
BGO,2
BGP,3
BGQ,2
BGS,2
BGU,2
BGV,2
BGX,2
BGY,1
BGZ,2
BIPR,2
MFQ,2
TCL,2
SDMD,2
KKPM,2
VXM,2
PPLC,2
GPH,2
GPI,2
GPJ,2
THX,2
GPD,2
GPE,2
THS,2
THR,2
GPB,2
THP,2
THO,2
MFX,2
THM,2
THL,2
GPX,2
THJ,2
GPZ,2
GPT,3
GPU,2
THE,3
GPW,2
THB,2
GPR,2
KODN,2
HLAR,2
NIN,2
HJP,3
NIL,1
KODI,2
NIA,2
NIG,2
NID,2
GDE,2
NIR,6
HJL,2
NIP,2
NIQ,2
HJI,2
NIT,2
NIU,2
DLBC,2
FDB,2
JGI,2
FDK,2
JGJ,2
FDN,2
ARVI,1
SPTR,2
MALX,2
MALR,2
MALM,2
MALK,2
DDR,2
MALB,3
NNE,2
JGE,2
QXR,2
RNJ,2
RNI,2
RNH,2
LCR,2
RNN,2
DDJ,5
RNC,2
RNA,2
RNG,2
RNE,2
STRK,2
RNY,3
RNX,2
PNGM,2
STRM,2
LCA,2
LCN,2
RNR,2
RNQ,2
RNW,2
LCK,2
LCH,2
RNT,2
DVM,2
DVL,2
DVN,2
DVH,2
DVJ,2
DVD,2
DVG,2
THED,2
DVA,1
THEA,2
BMLL,2
JGP,2
DVY,2
SWPR,2
JGR,2
DVR,2
WZJ,2
DDD,2
OBM,2
UKEC,2
OBR,2
PLW,2
NRUR,3
PLU,2
CDG,3
PLS,2
CDA,2
PLQ,2
PLP,2
CDL,2
CDM,2
CDH,2
CDI,2
PLY,2
CDK,4
PLG,2
CD,2
PLD,2
CDP,2
CDQ,2
PLA,2
CDS,2
PLO,3
PLM,2
PLL,2
PLK,2
PLJ,2
PLI,2
BXY,2
MHLC,2
TRWT,2
BXQ,2
BXP,2
BXS,2
PRSP,2
BXT,1
BXK,2
BXJ,2
BXM,2
BXL,2
BXO,2
BXN,3
BXA,2
TPC,2
BXC,2
MNTT,2
BXF,1
HRT,4
HRW,2
MTY,2
MTR,2
MTP,2
MTV,2
TPJ,4
MTJ,6
MTH,2
MTI,2
VTG,2
MTO,2
MTL,2
MTM,1
SIVN,2
MTC,3
HRR,2
MTD,4
MTE,2
ARP,2
ARQ,2
ARR,2
ARU,2
ARV,2
ARW,2
ARX,2
SJPM,2
ARA,2
HRN,2
ARD,2
ARE,2
ARG,2
ARH,2
ARI,2
ARJ,4
ARK,2
ARL,2
ARN,2
KOLA,2
BDNP,2
BORA,2
MBY,2
SJPA,2
PQY,2
KOLI,2
BAHP,2
MVRM,2
GTJT,2
CKNI,2
BAHI,2
BAHN,2
LOGH,3
BAHL,1
KVG,2
KVD,2
KVE,2
KVC,2
KVA,2
KVN,2
KVO,2
KVL,2
KVM,2
KVJ,2
KVK,2
KVH,2
KVU,2
KVR,3
KVS,2
KVP,2
KVQ,2
KVZ,2
KVX,2
KKNA,2
KKNH,2
ASLU,2
BEDM,2
BJUD,2
MUPA,2
MLDT,2
DEWA,2
GZO,2
DWG,2
LHNR,2
KPHN,2
KPHH,2
UDGR,2
SBBP,2
SBBJ,2
TATI,2
NOMD,2
TATA,3
PGDI,2
PSPY,2
PGDP,2
SJER,2
MTSK,2
HER,2
RJLK,2
BRJN,2
RJLA,2
TNDE,2
TNDN,2
NDB,2
VTV,2
CDRL,2
CDRA,2
PLAE,2
BLSA,2
KGRA,2
BLSD,2
PTRT,2
PTRU,2
BLSN,2
BLSR,3
PTRL,2
ATRR,2
PTRJ,2
TKBG,2
SELU,2
PTRD,2
PTRE,2
TKBN,2
